isic_code,isic_description,section_code,section_description,division_code,division_description,group_code,group_description,class_code,class_description,primary_method_1,primary_method_2,supporting_method_1,supporting_method_2,sensitivity_method,valuation_rationale,us_stocks,br_stocks
111,"Growing of cereals (except rice), leguminous crops and oil seeds",,,1,"Crop and animal production, hunting and related service activities",11,Growing of non-perennial crops,111,"Growing of cereals (except rice), leguminous crops and oil seeds",DCF / rDCF,CCA,PTA,DDM,Graham Number,"General business activities, standard valuation methods applied.","ADM,BG,CTVA","SLCE3,AGRO3,SOJA3"
112,Growing of rice,,,1,"Crop and animal production, hunting and related service activities",11,Growing of non-perennial crops,112,Growing of rice,DCF / rDCF,CCA,PTA,DDM,Graham Number,"General business activities, standard valuation methods applied.","ADM,BG,CTVA","SLCE3,AGRO3,SOJA3"
113,"Growing of vegetables and melons, roots and tubers",,,1,"Crop and animal production, hunting and related service activities",11,Growing of non-perennial crops,113,"Growing of vegetables and melons, roots and tubers",DCF / rDCF,CCA,PTA,DDM,Graham Number,"General business activities, standard valuation methods applied.","DOV,CVGW,AGRO","SLCE3,AGRO3,SOJA3"
114,Growing of sugar cane,,,1,"Crop and animal production, hunting and related service activities",11,Growing of non-perennial crops,114,Growing of sugar cane,DCF / rDCF,CCA,PTA,DDM,Graham Number,"General business activities, standard valuation methods applied.","HSY,MDLZ,AGRO","RAIZ4,SMTO3,JALL3"
115,Growing of tobacco,,,1,"Crop and animal production, hunting and related service activities",11,Growing of non-perennial crops,115,Growing of tobacco,DCF / rDCF,CCA,PTA,DDM,Graham Number,"Stable consumer businesses benefit from DCF for cash flow projection and CCA for market comparison. PTA and DDM offer additional perspectives, with Graham Number as a safety margin check.","MO,PM,TPB","PHMO34,B1TI34,MOOO34"
116,Growing of fibre crops,,,1,"Crop and animal production, hunting and related service activities",11,Growing of non-perennial crops,116,Growing of fibre crops,DCF / rDCF,CCA,PTA,DDM,Graham Number,"General business activities, standard valuation methods applied.","ADM,BG,CTVA","SLCE3,AGRO3,SOJA3"
119,Growing of other non-perennial crops,,,1,"Crop and animal production, hunting and related service activities",11,Growing of non-perennial crops,119,Growing of other non-perennial crops,DCF / rDCF,CCA,PTA,DDM,Graham Number,"General business activities, standard valuation methods applied.","ADM,BG,CTVA","SLCE3,AGRO3,SOJA3"
121,Growing of grapes,,,1,"Crop and animal production, hunting and related service activities",12,Growing of perennial crops,121,Growing of grapes,DCF / rDCF,CCA,PTA,DDM,Graham Number,"General business activities, standard valuation methods applied.","TAP,STZ,DEO","SLCE3,AGRO3,SOJA3"
122,Growing of tropical and subtropical fruits,,,1,"Crop and animal production, hunting and related service activities",12,Growing of perennial crops,122,Growing of tropical and subtropical fruits,DCF / rDCF,CCA,PTA,DDM,Graham Number,"General business activities, standard valuation methods applied.","DOLE,CVGW,FDP","SLCE3,AGRO3,SOJA3"
123,Growing of citrus fruits,,,1,"Crop and animal production, hunting and related service activities",12,Growing of perennial crops,123,Growing of citrus fruits,DCF / rDCF,CCA,PTA,DDM,Graham Number,"General business activities, standard valuation methods applied.","ADM,BG,CTVA","SLCE3,AGRO3,SOJA3"
124,Growing of pome fruits and stone fruits,,,1,"Crop and animal production, hunting and related service activities",12,Growing of perennial crops,124,Growing of pome fruits and stone fruits,DCF / rDCF,CCA,PTA,DDM,Graham Number,"General business activities, standard valuation methods applied.","CVGW,DOLE,FDP","SLCE3,AGRO3,SOJA3"
125,Growing of other tree and bush fruits and nuts,,,1,"Crop and animal production, hunting and related service activities",12,Growing of perennial crops,125,Growing of other tree and bush fruits and nuts,DCF / rDCF,CCA,PTA,DDM,Graham Number,"General business activities, standard valuation methods applied.","DOLE,FDP,AVO","SLCE3,AGRO3,SOJA3"
126,Growing of oleaginous fruits,,,1,"Crop and animal production, hunting and related service activities",12,Growing of perennial crops,126,Growing of oleaginous fruits,DCF / rDCF,CCA,PTA,DDM,Graham Number,"General business activities, standard valuation methods applied.","ADM,BG,CTVA","SLCE3,AGRO3,SOJA3"
127,Growing of beverage crops,,,1,"Crop and animal production, hunting and related service activities",12,Growing of perennial crops,127,Growing of beverage crops,DCF / rDCF,CCA,PTA,DDM,Graham Number,"General business activities, standard valuation methods applied.","KO,PEP,STZ","SLCE3,AGRO3,SOJA3"
128,"Growing of spices, aromatic, drug and pharmaceutical crops",,,1,"Crop and animal production, hunting and related service activities",12,Growing of perennial crops,128,"Growing of spices, aromatic, drug and pharmaceutical crops",DCF / rDCF,CCA,PTA,DDM,Graham Number,"General business activities, standard valuation methods applied.","CTVA,FMC,ANDE","SLCE3,AGRO3,SOJA3"
129,Growing of other perennial crops,,,1,"Crop and animal production, hunting and related service activities",12,Growing of perennial crops,129,Growing of other perennial crops,DCF / rDCF,CCA,PTA,DDM,Graham Number,"General business activities, standard valuation methods applied.","ADM,BG,CTVA","SLCE3,AGRO3,SOJA3"
130,Plant propagation,,,1,"Crop and animal production, hunting and related service activities",13,Plant propagation,130,Plant propagation,DCF / rDCF,CCA,PTA,DDM,Graham Number,"General business activities, standard valuation methods applied.","CTVA,BAYRY,FMC","SLCE3,AGRO3,SOJA3"
141,Raising of cattle and buffaloes,,,1,"Crop and animal production, hunting and related service activities",14,Animal production,141,Raising of cattle and buffaloes,DCF / rDCF,CCA,PTA,DDM,Graham Number,"General business activities, standard valuation methods applied.","TSN,HRL,SEB","JBSS3,MRFG3,BEEF3"
142,Raising of horses and other equines,,,1,"Crop and animal production, hunting and related service activities",14,Animal production,142,Raising of horses and other equines,DCF / rDCF,CCA,PTA,DDM,Graham Number,"General business activities, standard valuation methods applied.","CHDN,CPHC,BYD","JBSS3,MRFG3,BEEF3"
143,Raising of camels and camelids,,,1,"Crop and animal production, hunting and related service activities",14,Animal production,143,Raising of camels and camelids,DCF / rDCF,CCA,PTA,DDM,Graham Number,"General business activities, standard valuation methods applied.","TSN,CVGW,CALM","JBSS3,MRFG3,BEEF3"
144,Raising of sheep and goats,,,1,"Crop and animal production, hunting and related service activities",14,Animal production,144,Raising of sheep and goats,DCF / rDCF,CCA,PTA,DDM,Graham Number,"General business activities, standard valuation methods applied.","TSN,HRL,PPC","JBSS3,MRFG3,BEEF3"
145,Raising of swine and pigs,,,1,"Crop and animal production, hunting and related service activities",14,Animal production,145,Raising of swine and pigs,DCF / rDCF,CCA,PTA,DDM,Graham Number,"General business activities, standard valuation methods applied.","PPC,TSN,HRL","JBSS3,BRFS3,MRFG3"
146,Raising of poultry,,,1,"Crop and animal production, hunting and related service activities",14,Animal production,146,Raising of poultry,DCF / rDCF,CCA,PTA,DDM,Graham Number,"General business activities, standard valuation methods applied.","TSN,PPC,CALM","JBSS3,BRFS3,MRFG3"
149,Raising of other animals,,,1,"Crop and animal production, hunting and related service activities",14,Animal production,149,Raising of other animals,DCF / rDCF,CCA,PTA,DDM,Graham Number,"General business activities, standard valuation methods applied.","CVGW,ALCO,LMNR","JBSS3,MRFG3,BEEF3"
150,Mixed farming,,,1,"Crop and animal production, hunting and related service activities",15,Mixed farming,150,Mixed farming,DCF / rDCF,CCA,PTA,DDM,Graham Number,"General business activities, standard valuation methods applied.","ADM,BG,ANDE","SLCE3,AGRO3,SOJA3"
161,Support activities for crop production,,,1,"Crop and animal production, hunting and related service activities",16,Support activities to agriculture and post-harvest crop activities,161,Support activities for crop production,DCF / rDCF,CCA,PTA,DDM,Graham Number,"General business activities, standard valuation methods applied.","ADM,BG,CTVA","SLCE3,AGRO3,SOJA3"
162,Support activities for animal production,,,1,"Crop and animal production, hunting and related service activities",16,Support activities to agriculture and post-harvest crop activities,162,Support activities for animal production,DCF / rDCF,CCA,PTA,DDM,Graham Number,"General business activities, standard valuation methods applied.","PAHC,ZTS,ELAN","JBSS3,BRFS3,MRFG3"
163,Post-harvest crop activities,,,1,"Crop and animal production, hunting and related service activities",16,Support activities to agriculture and post-harvest crop activities,163,Post-harvest crop activities,DCF / rDCF,CCA,PTA,DDM,Graham Number,"General business activities, standard valuation methods applied.","ADM,BG,CTVA","SLCE3,AGRO3,SOJA3"
164,Seed processing for propagation,,,1,"Crop and animal production, hunting and related service activities",16,Support activities to agriculture and post-harvest crop activities,164,Seed processing for propagation,DCF / rDCF,CCA,PTA,DDM,Graham Number,"General business activities, standard valuation methods applied.","ADM,BG,CTVA","SLCE3,AGRO3,SOJA3"
170,"Hunting, trapping and related service activities",,,1,"Crop and animal production, hunting and related service activities",17,"Hunting, trapping and related service activities",170,"Hunting, trapping and related service activities",DCF / rDCF,CCA,PTA,DDM,Graham Number,"General business activities, standard valuation methods applied.","SWBI,VSTO,AOUT","SLCE3,AGRO3,SOJA3"
210,Silviculture and other forestry activities,,,2,Forestry and logging,21,Silviculture and other forestry activities,210,Silviculture and other forestry activities,DCF / rDCF,CCA,PTA,DDM,Graham Number,"General business activities, standard valuation methods applied.","RYN,PCH,WY","SUZB3,KLBN11,RANI3"
220,Logging,,,2,Forestry and logging,22,Logging,220,Logging,DCF / rDCF,CCA,PTA,DDM,Graham Number,"General business activities, standard valuation methods applied.","WY,PCH,RYN","SUZB3,KLBN11,RANI3"
230,Gathering of non-wood forest products,,,2,Forestry and logging,23,Gathering of non-wood forest products,230,Gathering of non-wood forest products,DCF / rDCF,CCA,PTA,DDM,Graham Number,"General business activities, standard valuation methods applied.","WY,PCH,RYN","KLBN11,SUZB3,RANI3"
240,Support services to forestry,,,2,Forestry and logging,24,Support services to forestry,240,Support services to forestry,DCF / rDCF,CCA,PTA,DDM,Graham Number,"General business activities, standard valuation methods applied.","RYN,PCH,WY","SUZB3,KLBN11,RANI3"
311,Marine fishing,,,3,Fishing and aquaculture,31,Fishing,311,Marine fishing,DCF / rDCF,CCA,PTA,DDM,Graham Number,"General business activities, standard valuation methods applied.","AQB,SHMP,MPX","BEEF3,BRFS3,MBRF3"
312,Freshwater fishing,,,3,Fishing and aquaculture,31,Fishing,312,Freshwater fishing,DCF / rDCF,CCA,PTA,DDM,Graham Number,"General business activities, standard valuation methods applied.","AOUT,JOUT,UMAC","SLCE3,AGRO3,SOJA3"
321,Marine aquaculture,,,3,Fishing and aquaculture,32,Aquaculture,321,Marine aquaculture,DCF / rDCF,CCA,PTA,DDM,Graham Number,"General business activities, standard valuation methods applied.","AQB,NNA,LMRK","JBSS3,MRFG3,BEEF3"
322,Freshwater aquaculture,,,3,Fishing and aquaculture,32,Aquaculture,322,Freshwater aquaculture,DCF / rDCF,CCA,PTA,DDM,Graham Number,"General business activities, standard valuation methods applied.","ADM,BG,CTVA","BRFS3,BEEF3,MRFG3"
330,Support activities for fishing and aquaculture,,,3,Fishing and aquaculture,33,Support activities for fishing and aquaculture,330,Support activities for fishing and aquaculture,DCF / rDCF,CCA,PTA,DDM,Graham Number,"General business activities, standard valuation methods applied.","ZTS,ELAN,IDXX","JBSS3,MRFG3,BEEF3"
510,Mining of hard coal,,,5,Mining of coal and lignite,51,Mining of hard coal,510,Mining of hard coal,NAV / EV-DACF,CCA,DCF / rDCF,PTA,Replacement Value,"Natural resources are often valued by asset-based methods (NAV/EV-DACF) and market multiples (CCA). DCF and PTA provide cash flow and asset-based perspectives, with Replacement Value for tangible assets.","BTU,AMR,HCC","VALE3,CMIN3,CSNA3"
520,Mining of lignite,,,5,Mining of coal and lignite,52,Mining of lignite,520,Mining of lignite,NAV / EV-DACF,CCA,DCF / rDCF,PTA,Replacement Value,"Natural resources are often valued by asset-based methods (NAV/EV-DACF) and market multiples (CCA). DCF and PTA provide cash flow and asset-based perspectives, with Replacement Value for tangible assets.","BTU,ARCH,AMR","VALE3,CMIN3,CSNA3"
610,Extraction of crude petroleum,,,6,Extraction of crude petroleum and natural gas,61,Extraction of crude petroleum,610,Extraction of crude petroleum,NAV / EV-DACF,CCA,DCF / rDCF,PTA,Replacement Value,"Natural resources are often valued by asset-based methods (NAV/EV-DACF) and market multiples (CCA). DCF and PTA provide cash flow and asset-based perspectives, with Replacement Value for tangible assets.","XOM,CVX,COP","PETR4,PRIO3,RECV3"
620,Extraction of natural gas,,,6,Extraction of crude petroleum and natural gas,62,Extraction of natural gas,620,Extraction of natural gas,NAV / EV-DACF,CCA,DCF / rDCF,PTA,Replacement Value,"Natural resources are often valued by asset-based methods (NAV/EV-DACF) and market multiples (CCA). DCF and PTA provide cash flow and asset-based perspectives, with Replacement Value for tangible assets.","EQT,RRC,SWN","PETR4,PRIO3,RECV3"
710,Mining of iron ores,,,7,Mining of metal ores,71,Mining of iron ores,710,Mining of iron ores,NAV / EV-DACF,CCA,DCF / rDCF,PTA,Replacement Value,"Natural resources are often valued by asset-based methods (NAV/EV-DACF) and market multiples (CCA). DCF and PTA provide cash flow and asset-based perspectives, with Replacement Value for tangible assets.","CLF,X,STLD","VALE3,CMIN3,CSNA3"
721,Mining of uranium and thorium ores,,,7,Mining of metal ores,72,Mining of non-ferrous metal ores,721,Mining of uranium and thorium ores,NAV / EV-DACF,CCA,DCF / rDCF,PTA,Replacement Value,"Natural resources are often valued by asset-based methods (NAV/EV-DACF) and market multiples (CCA). DCF and PTA provide cash flow and asset-based perspectives, with Replacement Value for tangible assets.","CCJ,UUUU,UEC","VALE3,CMIN3,AURA33"
729,Mining of other non-ferrous metal ores,,,7,Mining of metal ores,72,Mining of non-ferrous metal ores,729,Mining of other non-ferrous metal ores,NAV / EV-DACF,CCA,DCF / rDCF,PTA,Replacement Value,"Natural resources are often valued by asset-based methods (NAV/EV-DACF) and market multiples (CCA). DCF and PTA provide cash flow and asset-based perspectives, with Replacement Value for tangible assets.","FCX,SCCO,HBM","VALE3,CMIN3,AURA33"
810,"Quarrying of stone, sand and clay",,,8,Other mining and quarrying,81,"Quarrying of stone, sand and clay",810,"Quarrying of stone, sand and clay",NAV / EV-DACF,CCA,DCF / rDCF,PTA,Replacement Value,"Natural resources are often valued by asset-based methods (NAV/EV-DACF) and market multiples (CCA). DCF and PTA provide cash flow and asset-based perspectives, with Replacement Value for tangible assets.","VMC,MLM,EXP","VALE3,CSNA3,USIM5"
891,Mining of chemical and fertilizer minerals,,,8,Other mining and quarrying,89,Mining and quarrying n.e.c.,891,Mining of chemical and fertilizer minerals,NAV / EV-DACF,CCA,DCF / rDCF,PTA,Replacement Value,"Natural resources are often valued by asset-based methods (NAV/EV-DACF) and market multiples (CCA). DCF and PTA provide cash flow and asset-based perspectives, with Replacement Value for tangible assets.","MOS,CF,IPI","VALE3,CMIN3,BRAP4"
892,Extraction of peat,,,8,Other mining and quarrying,89,Mining and quarrying n.e.c.,892,Extraction of peat,NAV / EV-DACF,CCA,DCF / rDCF,PTA,Replacement Value,"Natural resources are often valued by asset-based methods (NAV/EV-DACF) and market multiples (CCA). DCF and PTA provide cash flow and asset-based perspectives, with Replacement Value for tangible assets.","SMG,NTR,SQM","VALE3,CMIN3,USIM5"
893,Extraction of salt,,,8,Other mining and quarrying,89,Mining and quarrying n.e.c.,893,Extraction of salt,NAV / EV-DACF,CCA,DCF / rDCF,PTA,Replacement Value,"Natural resources are often valued by asset-based methods (NAV/EV-DACF) and market multiples (CCA). DCF and PTA provide cash flow and asset-based perspectives, with Replacement Value for tangible assets.","IPI,MOS,CMP","VALE3,CSNA3,USIM5"
899,Other mining and quarrying n.e.c.,,,8,Other mining and quarrying,89,Mining and quarrying n.e.c.,899,Other mining and quarrying n.e.c.,NAV / EV-DACF,CCA,DCF / rDCF,PTA,Replacement Value,"Natural resources are often valued by asset-based methods (NAV/EV-DACF) and market multiples (CCA). DCF and PTA provide cash flow and asset-based perspectives, with Replacement Value for tangible assets.","FCX,SCCO,NEM","VALE3,CMIN3,CSNA3"
910,Support activities for petroleum and natural gas extraction,,,9,Mining support service activities,91,Support activities for petroleum and natural gas extraction,910,Support activities for petroleum and natural gas extraction,NAV / EV-DACF,CCA,DCF / rDCF,PTA,Replacement Value,"Natural resources and support activities are often valued by asset-based methods (NAV/EV-DACF) and market multiples (CCA). DCF and PTA provide cash flow and asset-based perspectives, with Replacement Value for tangible assets.","BKR,HAL,SLB","PETR4,PRIO3,BRAV3"
990,Support activities for other mining and quarrying,,,9,Mining support service activities,99,Support activities for other mining and quarrying,990,Support activities for other mining and quarrying,NAV / EV-DACF,CCA,DCF / rDCF,PTA,Replacement Value,"Natural resources are often valued by asset-based methods (NAV/EV-DACF) and market multiples (CCA). DCF and PTA provide cash flow and asset-based perspectives, with Replacement Value for tangible assets.","METC,ARCH,CEIX","VALE3,CMIN3,CSNA3"
1010,Processing and preserving of meat,,,10,Manufacture of food products,101,Processing and preserving of meat,1010,Processing and preserving of meat,DCF / rDCF,CCA,PTA,DDM,Graham Number,"Stable consumer businesses benefit from DCF for cash flow projection and CCA for market comparison. PTA and DDM offer additional perspectives, with Graham Number as a safety margin check.","TSN,CPB,HRL","JBSS3,MRFG3,BEEF3"
1020,"Processing and preserving of fish, crustaceans and molluscs",,,10,Manufacture of food products,102,"Processing and preserving of fish, crustaceans and molluscs",1020,"Processing and preserving of fish, crustaceans and molluscs",DCF / rDCF,CCA,PTA,DDM,Graham Number,"Stable consumer businesses benefit from DCF for cash flow projection and CCA for market comparison. PTA and DDM offer additional perspectives, with Graham Number as a safety margin check.","TSN,HRL,CPB","BEEF3,BRFS3,CAML3"
1030,Processing and preserving of fruit and vegetables,,,10,Manufacture of food products,103,Processing and preserving of fruit and vegetables,1030,Processing and preserving of fruit and vegetables,DCF / rDCF,CCA,PTA,DDM,Graham Number,"Stable consumer businesses benefit from DCF for cash flow projection and CCA for market comparison. PTA and DDM offer additional perspectives, with Graham Number as a safety margin check.","SJM,CPB,KHC","BRFS3,MDIA3,JBSS3"
1040,Manufacture of vegetable and animal oils and fats,,,10,Manufacture of food products,104,Manufacture of vegetable and animal oils and fats,1040,Manufacture of vegetable and animal oils and fats,DCF / rDCF,CCA,PTA,DDM,Graham Number,"Stable consumer businesses benefit from DCF for cash flow projection and CCA for market comparison. PTA and DDM offer additional perspectives, with Graham Number as a safety margin check.","ADM,BG,CTVA","SLCE3,AGRO3,SOJA3"
1050,Manufacture of dairy products,,,10,Manufacture of food products,105,Manufacture of dairy products,1050,Manufacture of dairy products,DCF / rDCF,CCA,PTA,DDM,Graham Number,"Stable consumer businesses benefit from DCF for cash flow projection and CCA for market comparison. PTA and DDM offer additional perspectives, with Graham Number as a safety margin check.","LANC,SFM,GIS","BRFS3,MDIA3,CAML3"
1061,Manufacture of grain mill products,,,10,Manufacture of food products,106,"Manufacture of grain mill products, starches and starch products",1061,Manufacture of grain mill products,DCF / rDCF,CCA,PTA,DDM,Graham Number,"Stable consumer businesses benefit from DCF for cash flow projection and CCA for market comparison. PTA and DDM offer additional perspectives, with Graham Number as a safety margin check.","ADM,BG,INGR","MDIA3,CAML3,JALL3"
1062,Manufacture of starches and starch products,,,10,Manufacture of food products,106,"Manufacture of grain mill products, starches and starch products",1062,Manufacture of starches and starch products,DCF / rDCF,CCA,PTA,DDM,Graham Number,"Stable consumer businesses benefit from DCF for cash flow projection and CCA for market comparison. PTA and DDM offer additional perspectives, with Graham Number as a safety margin check.","INGR,ADM,BG","SLCE3,AGRO3,SOJA3"
1071,Manufacture of bakery products,,,10,Manufacture of food products,107,Manufacture of other food products,1071,Manufacture of bakery products,DCF / rDCF,CCA,PTA,DDM,Graham Number,"Stable consumer businesses benefit from DCF for cash flow projection and CCA for market comparison. PTA and DDM offer additional perspectives, with Graham Number as a safety margin check.","FLO,CPB,THS","MDIA3,CAML3,JALL3"
1072,Manufacture of sugar,,,10,Manufacture of food products,107,Manufacture of other food products,1072,Manufacture of sugar,DCF / rDCF,CCA,PTA,DDM,Graham Number,"Stable consumer businesses benefit from DCF for cash flow projection and CCA for market comparison. PTA and DDM offer additional perspectives, with Graham Number as a safety margin check.","HSY,ADM,BG","SMTO3,JALL3,RAIZ4"
1073,"Manufacture of cocoa, chocolate and sugar confectionery",,,10,Manufacture of food products,107,Manufacture of other food products,1073,"Manufacture of cocoa, chocolate and sugar confectionery",DCF / rDCF,CCA,PTA,DDM,Graham Number,"Stable consumer businesses benefit from DCF for cash flow projection and CCA for market comparison. PTA and DDM offer additional perspectives, with Graham Number as a safety margin check.","HSY,MKC,SJM","MDIA3,SMTO3,JALL3"
1074,"Manufacture of macaroni, noodles, couscous and similar farinaceous products",,,10,Manufacture of food products,107,Manufacture of other food products,1074,"Manufacture of macaroni, noodles, couscous and similar farinaceous products",DCF / rDCF,CCA,PTA,DDM,Graham Number,"Stable consumer businesses benefit from DCF for cash flow projection and CCA for market comparison. PTA and DDM offer additional perspectives, with Graham Number as a safety margin check.","CPB,GIS,SJM","MDIA3,CAML3,JALL3"
1075,Manufacture of prepared meals and dishes,,,10,Manufacture of food products,107,Manufacture of other food products,1075,Manufacture of prepared meals and dishes,DCF / rDCF,CCA,PTA,DDM,Graham Number,"Stable consumer businesses benefit from DCF for cash flow projection and CCA for market comparison. PTA and DDM offer additional perspectives, with Graham Number as a safety margin check.","CAG,CPB,HRL","BRFS3,MRFG3,MDIA3"
1076,Processing of coffee and tea,,,10,Manufacture of food products,107,Manufacture of other food products,1076,Processing of coffee and tea,DCF / rDCF,CCA,PTA,DDM,Graham Number,"Stable consumer businesses benefit from DCF for cash flow projection and CCA for market comparison. PTA and DDM offer additional perspectives, with Graham Number as a safety margin check.","SBUX,BROS,DNUT","MDIA3,CAML3,BRFS3"
1079,Manufacture of other food products n.e.c.,,,10,Manufacture of food products,107,Manufacture of other food products,1079,Manufacture of other food products n.e.c.,DCF / rDCF,CCA,PTA,DDM,Graham Number,"Stable consumer businesses benefit from DCF for cash flow projection and CCA for market comparison. PTA and DDM offer additional perspectives, with Graham Number as a safety margin check.","CPB,GIS,KHC","MDIA3,CAML3,BRFS3"
1080,Manufacture of prepared animal feeds,,,10,Manufacture of food products,108,Manufacture of prepared animal feeds,1080,Manufacture of prepared animal feeds,DCF / rDCF,CCA,PTA,DDM,Graham Number,"Stable consumer businesses benefit from DCF for cash flow projection and CCA for market comparison. PTA and DDM offer additional perspectives, with Graham Number as a safety margin check.","LMNR,INGR,PPC","MDIA3,CAML3,BEEF3"
1101,"Distilling, rectifying and blending of spirits",,,11,Manufacture of beverages,110,Manufacture of beverages,1101,"Distilling, rectifying and blending of spirits",DCF / rDCF,CCA,PTA,DDM,Graham Number,"Stable consumer businesses benefit from DCF for cash flow projection and CCA for market comparison. PTA and DDM offer additional perspectives, with Graham Number as a safety margin check.","STZ,BF.B,SAM","ABEV3,RAIZ4,SMTO3"
1102,Manufacture of wines,,,11,Manufacture of beverages,110,Manufacture of beverages,1102,Manufacture of wines,DCF / rDCF,CCA,PTA,DDM,Graham Number,"Stable consumer businesses benefit from DCF for cash flow projection and CCA for market comparison. PTA and DDM offer additional perspectives, with Graham Number as a safety margin check.","STZ,WVVI,DEO","ABEV3,RAIZ4,SMTO3"
1103,Manufacture of beer,,,11,Manufacture of beverages,110,Manufacture of beverages,1103,Manufacture of beer,DCF / rDCF,CCA,PTA,DDM,Graham Number,"Stable consumer businesses benefit from DCF for cash flow projection and CCA for market comparison. PTA and DDM offer additional perspectives, with Graham Number as a safety margin check.","BUD,STZ,SAM","ABEV3,MDIA3,RAIZ4"
1104,Manufacture of malt,,,11,Manufacture of beverages,110,Manufacture of beverages,1104,Manufacture of malt,DCF / rDCF,CCA,PTA,DDM,Graham Number,"Stable consumer businesses benefit from DCF for cash flow projection and CCA for market comparison. PTA and DDM offer additional perspectives, with Graham Number as a safety margin check.","ADM,BG,CTVA","ABEV3,KEPL3,SMTO3"
1105,Manufacture of soft drinks; production of mineral waters and other bottled waters,,,11,Manufacture of beverages,110,Manufacture of beverages,1105,Manufacture of soft drinks; production of mineral waters and other bottled waters,DCF / rDCF,CCA,PTA,DDM,Graham Number,"Stable consumer businesses benefit from DCF for cash flow projection and CCA for market comparison. PTA and DDM offer additional perspectives, with Graham Number as a safety margin check.","KO,PEP,KDP","ABEV3,MDIA3,PGMN3"
1200,Manufacture of tobacco products,,,12,Manufacture of tobacco products,120,Manufacture of tobacco products,1200,Manufacture of tobacco products,DCF / rDCF,CCA,PTA,DDM,Graham Number,"Stable consumer businesses benefit from DCF for cash flow projection and CCA for market comparison. PTA and DDM offer additional perspectives, with Graham Number as a safety margin check.","PM,MO,TPB","ABEV3,MDIA3,NTCO3"
1311,Preparation and spinning of textile fibres,,,13,Manufacture of textiles,131,"Spinning, weaving and finishing of textiles",1311,Preparation and spinning of textile fibres,DCF / rDCF,CCA,PTA,DDM,Graham Number,"Stable consumer businesses benefit from DCF for cash flow projection and CCA for market comparison. PTA and DDM offer additional perspectives, with Graham Number as a safety margin check.","AIN,UFI,CULP","CTNM3,CTNM4,CEDO4"
1312,Weaving of textiles,,,13,Manufacture of textiles,131,"Spinning, weaving and finishing of textiles",1312,Weaving of textiles,DCF / rDCF,CCA,PTA,DDM,Graham Number,"Stable consumer businesses benefit from DCF for cash flow projection and CCA for market comparison. PTA and DDM offer additional perspectives, with Graham Number as a safety margin check.","CULP,UFI,VGI","VULC3,GRND3,CAMB3"
1313,Finishing of textiles,,,13,Manufacture of textiles,131,"Spinning, weaving and finishing of textiles",1313,Finishing of textiles,DCF / rDCF,CCA,PTA,DDM,Graham Number,"Stable consumer businesses benefit from DCF for cash flow projection and CCA for market comparison. PTA and DDM offer additional perspectives, with Graham Number as a safety margin check.","AIN,UFI,CULP","CTNM4,PTNT4,CEDO4"
1391,Manufacture of knitted and crocheted fabrics,,,13,Manufacture of textiles,139,Manufacture of other textiles,1391,Manufacture of knitted and crocheted fabrics,DCF / rDCF,CCA,PTA,DDM,Graham Number,"Stable consumer businesses benefit from DCF for cash flow projection and CCA for market comparison. PTA and DDM offer additional perspectives, with Graham Number as a safety margin check.","VFC,HBI,PVH","VULC3,GRND3,CTKA4"
1392,"Manufacture of made-up textile articles, except apparel",,,13,Manufacture of textiles,139,Manufacture of other textiles,1392,"Manufacture of made-up textile articles, except apparel",DCF / rDCF,CCA,PTA,DDM,Graham Number,"Stable consumer businesses benefit from DCF for cash flow projection and CCA for market comparison. PTA and DDM offer additional perspectives, with Graham Number as a safety margin check.","TPR,CPRI,GIL","CTKA4,CEDO4,TEKA4"
1393,Manufacture of carpets and rugs,,,13,Manufacture of textiles,139,Manufacture of other textiles,1393,Manufacture of carpets and rugs,DCF / rDCF,CCA,PTA,DDM,Graham Number,"Stable consumer businesses benefit from DCF for cash flow projection and CCA for market comparison. PTA and DDM offer additional perspectives, with Graham Number as a safety margin check.","MHK,MCK,DIX","ALPA4,AMER3,GRND3"
1394,"Manufacture of cordage, rope, twine and netting",,,13,Manufacture of textiles,139,Manufacture of other textiles,1394,"Manufacture of cordage, rope, twine and netting",DCF / rDCF,CCA,PTA,DDM,Graham Number,"Stable consumer businesses benefit from DCF for cash flow projection and CCA for market comparison. PTA and DDM offer additional perspectives, with Graham Number as a safety margin check.","MMM,KMT,GT","CRFB3,ASAI3,PCAR3"
1399,Manufacture of other textiles n.e.c.,,,13,Manufacture of textiles,139,Manufacture of other textiles,1399,Manufacture of other textiles n.e.c.,DCF / rDCF,CCA,PTA,DDM,Graham Number,"Stable consumer businesses benefit from DCF for cash flow projection and CCA for market comparison. PTA and DDM offer additional perspectives, with Graham Number as a safety margin check.","MOV,CRI,PVH","CTNM4,SGEN3,PTNT4"
1410,"Manufacture of wearing apparel, except fur apparel",,,14,Manufacture of wearing apparel,141,"Manufacture of wearing apparel, except fur apparel",1410,"Manufacture of wearing apparel, except fur apparel",DCF / rDCF,CCA,PTA,DDM,Graham Number,"Stable consumer businesses benefit from DCF for cash flow projection and CCA for market comparison. PTA and DDM offer additional perspectives, with Graham Number as a safety margin check.","VFC,PVH,RL","LREN3,CEAB3,ALPA4"
1420,Manufacture of articles of fur,,,14,Manufacture of wearing apparel,142,Manufacture of articles of fur,1420,Manufacture of articles of fur,DCF / rDCF,CCA,PTA,DDM,Graham Number,"Stable consumer businesses benefit from DCF for cash flow projection and CCA for market comparison. PTA and DDM offer additional perspectives, with Graham Number as a safety margin check.","VFC,PVH,RL","LREN3,CEAB3,ALPA4"
1430,Manufacture of knitted and crocheted apparel,,,14,Manufacture of wearing apparel,143,Manufacture of knitted and crocheted apparel,1430,Manufacture of knitted and crocheted apparel,DCF / rDCF,CCA,PTA,DDM,Graham Number,"Stable consumer businesses benefit from DCF for cash flow projection and CCA for market comparison. PTA and DDM offer additional perspectives, with Graham Number as a safety margin check.","VFC,PVH,RL","LREN3,CEAB3,ALPA4"
1511,Tanning and dressing of leather; dressing and dyeing of fur,,,15,Manufacture of leather and related products,151,"Tanning, dyeing, dressing of leather and fur; manufacture of luggage, handbags, saddlery and harness",1511,Tanning and dressing of leather; dressing and dyeing of fur,DCF / rDCF,CCA,PTA,DDM,Graham Number,"Stable consumer businesses benefit from DCF for cash flow projection and CCA for market comparison. PTA and DDM offer additional perspectives, with Graham Number as a safety margin check.","GIII,PVH,RL","ALPA4,VULC3,GRND3"
1512,"Manufacture of luggage, handbags and the like, saddlery and harness of any material",,,15,Manufacture of leather and related products,151,"Tanning, dyeing, dressing of leather and fur; manufacture of luggage, handbags, saddlery and harness",1512,"Manufacture of luggage, handbags and the like, saddlery and harness of any material",DCF / rDCF,CCA,PTA,DDM,Graham Number,"Stable consumer businesses benefit from DCF for cash flow projection and CCA for market comparison. PTA and DDM offer additional perspectives, with Graham Number as a safety margin check.","TPR,VFC,SKX","GRND3,VULC3,ALPA4"
1520,Manufacture of footwear,,,15,Manufacture of leather and related products,152,Manufacture of footwear,1520,Manufacture of footwear,DCF / rDCF,CCA,PTA,DDM,Graham Number,"Stable consumer businesses benefit from DCF for cash flow projection and CCA for market comparison. PTA and DDM offer additional perspectives, with Graham Number as a safety margin check.","NKE,SKX,CROX","VULC3,GRND3,ALPA4"
1610,Sawmilling and planing of wood,,,16,"Manufacture of wood and of products of wood and cork, except furniture; manufacture of articles of straw and plaiting materials",161,Sawmilling and planing of wood,1610,Sawmilling and planing of wood,DCF / rDCF,CCA,PTA,DDM,Graham Number,"Stable consumer businesses benefit from DCF for cash flow projection and CCA for market comparison. PTA and DDM offer additional perspectives, with Graham Number as a safety margin check.","RYN,WY,WFG","DEXO3,EUCA3,RANI3"
1621,Manufacture of veneer sheets and wood-based panels,,,16,"Manufacture of wood and of products of wood and cork, except furniture; manufacture of articles of straw and plaiting materials",162,"Manufacture of products of wood, cork, straw and plaiting materials",1621,Manufacture of veneer sheets and wood-based panels,DCF / rDCF,CCA,PTA,DDM,Graham Number,"Stable consumer businesses benefit from DCF for cash flow projection and CCA for market comparison. PTA and DDM offer additional perspectives, with Graham Number as a safety margin check.","WY,LPX,PCH","EUCA3,DXCO3,KLBN11"
1622,Manufacture of builders' carpentry and joinery,,,16,"Manufacture of wood and of products of wood and cork, except furniture; manufacture of articles of straw and plaiting materials",162,"Manufacture of products of wood, cork, straw and plaiting materials",1622,Manufacture of builders' carpentry and joinery,DCF / rDCF,CCA,PTA,DDM,Graham Number,"Stable consumer businesses benefit from DCF for cash flow projection and CCA for market comparison. PTA and DDM offer additional perspectives, with Graham Number as a safety margin check.","BLDR,LPX,BCC","DXCO3,LEVE3,TASA4"
1623,Manufacture of wooden containers,,,16,"Manufacture of wood and of products of wood and cork, except furniture; manufacture of articles of straw and plaiting materials",162,"Manufacture of products of wood, cork, straw and plaiting materials",1623,Manufacture of wooden containers,DCF / rDCF,CCA,PTA,DDM,Graham Number,"Stable consumer businesses benefit from DCF for cash flow projection and CCA for market comparison. PTA and DDM offer additional perspectives, with Graham Number as a safety margin check.","IPG,GPK,SEE","RANI3,DXCO3,KLBN11"
1629,"Manufacture of other products of wood; manufacture of articles of cork, straw and plaiting materials",,,16,"Manufacture of wood and of products of wood and cork, except furniture; manufacture of articles of straw and plaiting materials",162,"Manufacture of products of wood, cork, straw and plaiting materials",1629,"Manufacture of other products of wood; manufacture of articles of cork, straw and plaiting materials",DCF / rDCF,CCA,PTA,DDM,Graham Number,"Stable consumer businesses benefit from DCF for cash flow projection and CCA for market comparison. PTA and DDM offer additional perspectives, with Graham Number as a safety margin check.","LL,TREX,UFPI","DEXP3,DXCO3,EUCA3"
1701,"Manufacture of pulp, paper and paperboard",,,17,Manufacture of paper and paper products,170,Manufacture of paper and paper products,1701,"Manufacture of pulp, paper and paperboard",DCF / rDCF,CCA,PTA,DDM,Graham Number,"Stable consumer businesses benefit from DCF for cash flow projection and CCA for market comparison. PTA and DDM offer additional perspectives, with Graham Number as a safety margin check.","IP,WRK,SEE","SUZB3,KLBN11,RANI3"
1702,Manufacture of corrugated paper and paperboard and of containers of paper and paperboard,,,17,Manufacture of paper and paper products,170,Manufacture of paper and paper products,1702,Manufacture of corrugated paper and paperboard and of containers of paper and paperboard,DCF / rDCF,CCA,PTA,DDM,Graham Number,"Stable consumer businesses benefit from DCF for cash flow projection and CCA for market comparison. PTA and DDM offer additional perspectives, with Graham Number as a safety margin check.","IP,WRK,SLG","KLBN11,SUZB3,RANI3"
1709,Manufacture of other articles of paper and paperboard,,,17,Manufacture of paper and paper products,170,Manufacture of paper and paper products,1709,Manufacture of other articles of paper and paperboard,DCF / rDCF,CCA,PTA,DDM,Graham Number,"Stable consumer businesses benefit from DCF for cash flow projection and CCA for market comparison. PTA and DDM offer additional perspectives, with Graham Number as a safety margin check.","IP,PKG,WRK","SUZB3,KLBN11,RANI3"
1811,Printing,,,18,Printing and reproduction of recorded media,181,Printing and service activities related to printing,1811,Printing,DCF / rDCF,CCA,PTA,DDM,Graham Number,"Stable consumer businesses benefit from DCF for cash flow projection and CCA for market comparison. PTA and DDM offer additional perspectives, with Graham Number as a safety margin check.","VGR,QUAD,CMPR","TOTS3,LWSA3,TIMS3"
1812,Service activities related to printing,,,18,Printing and reproduction of recorded media,181,Printing and service activities related to printing,1812,Service activities related to printing,DCF / rDCF,CCA,PTA,DDM,Graham Number,"Stable consumer businesses benefit from DCF for cash flow projection and CCA for market comparison. PTA and DDM offer additional perspectives, with Graham Number as a safety margin check.","CMPR,QUAD,DLX","CTKA4,FRAS3,RNDL3"
1820,Reproduction of recorded media,,,18,Printing and reproduction of recorded media,182,Reproduction of recorded media,1820,Reproduction of recorded media,DCF / rDCF,CCA,PTA,DDM,Graham Number,"Stable consumer businesses benefit from DCF for cash flow projection and CCA for market comparison. PTA and DDM offer additional perspectives, with Graham Number as a safety margin check.","SONY,WMG,LYV","TOTS3,LWSA3,CIEL3"
1910,Manufacture of coke oven products,,,19,Manufacture of coke and refined petroleum products,191,Manufacture of coke oven products,1910,Manufacture of coke oven products,DCF / rDCF,CCA,PTA,DDM,Graham Number,"Stable consumer businesses benefit from DCF for cash flow projection and CCA for market comparison. PTA and DDM offer additional perspectives, with Graham Number as a safety margin check.","HCC,AMR,SXC","GGBR4,CSNA3,USIM5"
1920,Manufacture of refined petroleum products; manufacture of fossil fuel products,,,19,Manufacture of coke and refined petroleum products,192,Manufacture of refined petroleum products; manufacture of fossil fuel products,1920,Manufacture of refined petroleum products; manufacture of fossil fuel products,DCF / rDCF,CCA,PTA,DDM,Graham Number,"Stable consumer businesses benefit from DCF for cash flow projection and CCA for market comparison. PTA and DDM offer additional perspectives, with Graham Number as a safety margin check.","MPC,VLO,PSX","PETR4,UGPA3,BRAV3"
2011,Manufacture of basic chemicals,,,20,Manufacture of chemicals and chemical products,201,"Manufacture of basic chemicals, fertilizers and nitrogen compounds, plastics and synthetic rubber in primary forms",2011,Manufacture of basic chemicals,DCF / rDCF,CCA,PTA,DDM,Graham Number,"Stable consumer businesses benefit from DCF for cash flow projection and CCA for market comparison. PTA and DDM offer additional perspectives, with Graham Number as a safety margin check.","DOW,LYB,EMN","BRKM5,UNIP6,GMAT3"
2012,Manufacture of fertilizers and nitrogen compounds,,,20,Manufacture of chemicals and chemical products,201,"Manufacture of basic chemicals, fertilizers and nitrogen compounds, plastics and synthetic rubber in primary forms",2012,Manufacture of fertilizers and nitrogen compounds,DCF / rDCF,CCA,PTA,DDM,Graham Number,"Stable consumer businesses benefit from DCF for cash flow projection and CCA for market comparison. PTA and DDM offer additional perspectives, with Graham Number as a safety margin check.","CF,MOS,NTR","FHER3,SLCE3,AGRO3"
2013,Manufacture of plastics and synthetic rubber in primary forms,,,20,Manufacture of chemicals and chemical products,201,"Manufacture of basic chemicals, fertilizers and nitrogen compounds, plastics and synthetic rubber in primary forms",2013,Manufacture of plastics and synthetic rubber in primary forms,DCF / rDCF,CCA,PTA,DDM,Graham Number,"Stable consumer businesses benefit from DCF for cash flow projection and CCA for market comparison. PTA and DDM offer additional perspectives, with Graham Number as a safety margin check.","DOW,LYB,EMN","BRKM5,UNIP6,FESA4"
2021,Manufacture of pesticides and other agrochemical products,,,20,Manufacture of chemicals and chemical products,202,Manufacture of other chemical products,2021,Manufacture of pesticides and other agrochemical products,DCF / rDCF,CCA,PTA,DDM,Graham Number,"Stable consumer businesses benefit from DCF for cash flow projection and CCA for market comparison. PTA and DDM offer additional perspectives, with Graham Number as a safety margin check.","FMC,MOS,CTVA","VITT3,SLCE3,AGRO3"
2022,"Manufacture of paints, varnishes and similar coatings, printing ink and mastics",,,20,Manufacture of chemicals and chemical products,202,Manufacture of other chemical products,2022,"Manufacture of paints, varnishes and similar coatings, printing ink and mastics",DCF / rDCF,CCA,PTA,DDM,Graham Number,"Stable consumer businesses benefit from DCF for cash flow projection and CCA for market comparison. PTA and DDM offer additional perspectives, with Graham Number as a safety margin check.","SHW,PPG,AXTA","EUCA3,RANI3,KLBN11"
2023,"Manufacture of soap and detergents, cleaning and polishing preparations, perfumes and toilet preparations",,,20,Manufacture of chemicals and chemical products,202,Manufacture of other chemical products,2023,"Manufacture of soap and detergents, cleaning and polishing preparations, perfumes and toilet preparations",DCF / rDCF,CCA,PTA,DDM,Graham Number,"Stable consumer businesses benefit from DCF for cash flow projection and CCA for market comparison. PTA and DDM offer additional perspectives, with Graham Number as a safety margin check.","PG,EL,CL","NTCO3,HYPE3,PGMN3"
2029,Manufacture of other chemical products n.e.c.,,,20,Manufacture of chemicals and chemical products,202,Manufacture of other chemical products,2029,Manufacture of other chemical products n.e.c.,DCF / rDCF,CCA,PTA,DDM,Graham Number,"Stable consumer businesses benefit from DCF for cash flow projection and CCA for market comparison. PTA and DDM offer additional perspectives, with Graham Number as a safety margin check.","SHW,PPG,APD","BRKM5,UNIP6,FESA4"
2030,Manufacture of man-made fibres,,,20,Manufacture of chemicals and chemical products,203,Manufacture of man-made fibres,2030,Manufacture of man-made fibres,DCF / rDCF,CCA,PTA,DDM,Graham Number,"Stable consumer businesses benefit from DCF for cash flow projection and CCA for market comparison. PTA and DDM offer additional perspectives, with Graham Number as a safety margin check.","UFI,DD,MHK","BRKM5,UNIP6,PETR4"
2100,"Manufacture of pharmaceuticals, medicinal chemical and botanical products",,,21,Manufacture of basic pharmaceutical products and pharmaceutical preparations,210,"Manufacture of pharmaceuticals, medicinal chemical and botanical products",2100,"Manufacture of pharmaceuticals, medicinal chemical and botanical products",DCF / rDCF,CCA,PTA,DDM,Graham Number,"Stable consumer businesses benefit from DCF for cash flow projection and CCA for market comparison. PTA and DDM offer additional perspectives, with Graham Number as a safety margin check.","PFE,LLY,MRK","BLAU3,PFRM3,DMVF3"
2211,Manufacture of rubber tyres and tubes; retreading and rebuilding of rubber tyres,,,22,Manufacture of rubber and plastic products,221,Manufacture of rubber products,2211,Manufacture of rubber tyres and tubes; retreading and rebuilding of rubber tyres,DCF / rDCF,CCA,PTA,DDM,Graham Number,"Stable consumer businesses benefit from DCF for cash flow projection and CCA for market comparison. PTA and DDM offer additional perspectives, with Graham Number as a safety margin check.","GT,CTY,TITN","MYPK3,LEVE3,TUPY3"
2219,Manufacture of other rubber products,,,22,Manufacture of rubber and plastic products,221,Manufacture of rubber products,2219,Manufacture of other rubber products,DCF / rDCF,CCA,PTA,DDM,Graham Number,"Stable consumer businesses benefit from DCF for cash flow projection and CCA for market comparison. PTA and DDM offer additional perspectives, with Graham Number as a safety margin check.","GT,CTB,TNC","BRKM5,PTBL3,TUPY3"
2220,Manufacture of plastics products,,,22,Manufacture of rubber and plastic products,222,Manufacture of plastics products,2220,Manufacture of plastics products,DCF / rDCF,CCA,PTA,DDM,Graham Number,"Stable consumer businesses benefit from DCF for cash flow projection and CCA for market comparison. PTA and DDM offer additional perspectives, with Graham Number as a safety margin check.","BERY,ATR,TTCF","UNIP6,BRKM5,DXCO3"
2310,Manufacture of glass and glass products,,,23,Manufacture of other non-metallic mineral products,231,Manufacture of glass and glass products,2310,Manufacture of glass and glass products,DCF / rDCF,CCA,PTA,DDM,Graham Number,"Stable consumer businesses benefit from DCF for cash flow projection and CCA for market comparison. PTA and DDM offer additional perspectives, with Graham Number as a safety margin check.","CTVA,ADM,BG","POMO3,VIVA3,TUPY3"
2391,Manufacture of refractory products,,,23,Manufacture of other non-metallic mineral products,239,Manufacture of non-metallic mineral products n.e.c.,2391,Manufacture of refractory products,DCF / rDCF,CCA,PTA,DDM,Graham Number,"Stable consumer businesses benefit from DCF for cash flow projection and CCA for market comparison. PTA and DDM offer additional perspectives, with Graham Number as a safety margin check.","VMC,MLM,SUMO","ROMI3,FESA4,RAPT4"
2392,Manufacture of clay building materials,,,23,Manufacture of other non-metallic mineral products,239,Manufacture of non-metallic mineral products n.e.c.,2392,Manufacture of clay building materials,DCF / rDCF,CCA,PTA,DDM,Graham Number,"Stable consumer businesses benefit from DCF for cash flow projection and CCA for market comparison. PTA and DDM offer additional perspectives, with Graham Number as a safety margin check.","CX,MLI,SUM","ELRE3,PTBL3,DXCO3"
2393,Manufacture of other porcelain and ceramic products,,,23,Manufacture of other non-metallic mineral products,239,Manufacture of non-metallic mineral products n.e.c.,2393,Manufacture of other porcelain and ceramic products,DCF / rDCF,CCA,PTA,DDM,Graham Number,"Stable consumer businesses benefit from DCF for cash flow projection and CCA for market comparison. PTA and DDM offer additional perspectives, with Graham Number as a safety margin check.","MHK,TPH,MMM","PTBL3,DXCO3,ETER3"
2394,"Manufacture of cement, lime and plaster",,,23,Manufacture of other non-metallic mineral products,239,Manufacture of non-metallic mineral products n.e.c.,2394,"Manufacture of cement, lime and plaster",DCF / rDCF,CCA,PTA,DDM,Graham Number,"Stable consumer businesses benefit from DCF for cash flow projection and CCA for market comparison. PTA and DDM offer additional perspectives, with Graham Number as a safety margin check.","VMC,EXP,MLM","PORT3,DXCO3,ETRE3"
2395,"Manufacture of articles of concrete, cement and plaster",,,23,Manufacture of other non-metallic mineral products,239,Manufacture of non-metallic mineral products n.e.c.,2395,"Manufacture of articles of concrete, cement and plaster",DCF / rDCF,CCA,PTA,DDM,Graham Number,"Stable consumer businesses benefit from DCF for cash flow projection and CCA for market comparison. PTA and DDM offer additional perspectives, with Graham Number as a safety margin check.","VMC,MLM,EXP","ETRE3,DXCO3,LEVE3"
2396,"Cutting, shaping and finishing of stone",,,23,Manufacture of other non-metallic mineral products,239,Manufacture of non-metallic mineral products n.e.c.,2396,"Cutting, shaping and finishing of stone",DCF / rDCF,CCA,PTA,DDM,Graham Number,"Stable consumer businesses benefit from DCF for cash flow projection and CCA for market comparison. PTA and DDM offer additional perspectives, with Graham Number as a safety margin check.","MLM,VMC,EXP","DXCO3,PORT3,LEVE3"
2399,Manufacture of other non-metallic mineral products n.e.c.,,,23,Manufacture of other non-metallic mineral products,239,Manufacture of non-metallic mineral products n.e.c.,2399,Manufacture of other non-metallic mineral products n.e.c.,DCF / rDCF,CCA,PTA,DDM,Graham Number,"Stable consumer businesses benefit from DCF for cash flow projection and CCA for market comparison. PTA and DDM offer additional perspectives, with Graham Number as a safety margin check.","EXP,USG,MLM","DXCO3,LEVE3,ROMI3"
2410,Manufacture of basic iron and steel,,,24,Manufacture of basic metals,241,Manufacture of basic iron and steel,2410,Manufacture of basic iron and steel,DCF / rDCF,CCA,PTA,DDM,Graham Number,"Stable consumer businesses benefit from DCF for cash flow projection and CCA for market comparison. PTA and DDM offer additional perspectives, with Graham Number as a safety margin check.","NUE,STLD,CLF","GGBR4,CSNA3,USIM5"
2420,Manufacture of basic precious and other non-ferrous metals,,,24,Manufacture of basic metals,242,Manufacture of basic precious and other non-ferrous metals,2420,Manufacture of basic precious and other non-ferrous metals,DCF / rDCF,CCA,PTA,DDM,Graham Number,"Stable consumer businesses benefit from DCF for cash flow projection and CCA for market comparison. PTA and DDM offer additional perspectives, with Graham Number as a safety margin check.","FCX,AA,SCCO","VALE3,CMIN3,GGBR4"
2431,Casting of iron and steel,,,24,Manufacture of basic metals,243,Casting of metals,2431,Casting of iron and steel,DCF / rDCF,CCA,PTA,DDM,Graham Number,"Stable consumer businesses benefit from DCF for cash flow projection and CCA for market comparison. PTA and DDM offer additional perspectives, with Graham Number as a safety margin check.","STLD,NUE,CMC","GGBR4,CSNA3,TUPY3"
2432,Casting of non-ferrous metals,,,24,Manufacture of basic metals,243,Casting of metals,2432,Casting of non-ferrous metals,DCF / rDCF,CCA,PTA,DDM,Graham Number,"Stable consumer businesses benefit from DCF for cash flow projection and CCA for market comparison. PTA and DDM offer additional perspectives, with Graham Number as a safety margin check.","HWM,PCP,KALU","GGBR4,CSNA3,USIM5"
2511,Manufacture of structural metal products,,,25,"Manufacture of fabricated metal products, except machinery and equipment",251,"Manufacture of structural metal products, tanks, reservoirs and steam generators",2511,Manufacture of structural metal products,DCF / rDCF,CCA,PTA,DDM,Graham Number,"Stable consumer businesses benefit from DCF for cash flow projection and CCA for market comparison. PTA and DDM offer additional perspectives, with Graham Number as a safety margin check.","VMI,ROCK,ACA","GGBR4,CSNA3,USIM5"
2512,"Manufacture of tanks, reservoirs and containers of metal",,,25,"Manufacture of fabricated metal products, except machinery and equipment",251,"Manufacture of structural metal products, tanks, reservoirs and steam generators",2512,"Manufacture of tanks, reservoirs and containers of metal",DCF / rDCF,CCA,PTA,DDM,Graham Number,"Stable consumer businesses benefit from DCF for cash flow projection and CCA for market comparison. PTA and DDM offer additional perspectives, with Graham Number as a safety margin check.","BERK,CC,GEF","TUPY3,WEGE3,ROMI3"
2513,"Manufacture of steam generators, except central heating hot water boilers",,,25,"Manufacture of fabricated metal products, except machinery and equipment",251,"Manufacture of structural metal products, tanks, reservoirs and steam generators",2513,"Manufacture of steam generators, except central heating hot water boilers",DCF / rDCF,CCA,PTA,DDM,Graham Number,"Stable consumer businesses benefit from DCF for cash flow projection and CCA for market comparison. PTA and DDM offer additional perspectives, with Graham Number as a safety margin check.","BWC,GE,GEV","WEGE3,TUPY3,ROMI3"
2520,Manufacture of weapons and ammunition,,,25,"Manufacture of fabricated metal products, except machinery and equipment",252,Manufacture of weapons and ammunition,2520,Manufacture of weapons and ammunition,DCF / rDCF,CCA,PTA,DDM,Graham Number,"Stable consumer businesses benefit from DCF for cash flow projection and CCA for market comparison. PTA and DDM offer additional perspectives, with Graham Number as a safety margin check.","LMT,GD,NOC","TASA4,EMBR3,RAPT4"
2591,"Forging, pressing, stamping and roll-forming of metal; powder metallurgy",,,25,"Manufacture of fabricated metal products, except machinery and equipment",259,Manufacture of other fabricated metal products; metalworking service activities,2591,"Forging, pressing, stamping and roll-forming of metal; powder metallurgy",DCF / rDCF,CCA,PTA,DDM,Graham Number,"Stable consumer businesses benefit from DCF for cash flow projection and CCA for market comparison. PTA and DDM offer additional perspectives, with Graham Number as a safety margin check.","STLD,RS,HWM","TUPY3,ROMI3,SHUL4"
2592,Treatment and coating of metals; machining,,,25,"Manufacture of fabricated metal products, except machinery and equipment",259,Manufacture of other fabricated metal products; metalworking service activities,2592,Treatment and coating of metals; machining,DCF / rDCF,CCA,PTA,DDM,Graham Number,"Stable consumer businesses benefit from DCF for cash flow projection and CCA for market comparison. PTA and DDM offer additional perspectives, with Graham Number as a safety margin check.","AZZ,MTW,KMT","FESA4,GGBR4,GOAU4"
2593,"Manufacture of cutlery, hand tools and general hardware",,,25,"Manufacture of fabricated metal products, except machinery and equipment",259,Manufacture of other fabricated metal products; metalworking service activities,2593,"Manufacture of cutlery, hand tools and general hardware",DCF / rDCF,CCA,PTA,DDM,Graham Number,"Stable consumer businesses benefit from DCF for cash flow projection and CCA for market comparison. PTA and DDM offer additional perspectives, with Graham Number as a safety margin check.","SWK,SNA,SCL","FRAS3,TUPY3,ROMI3"
2599,Manufacture of other fabricated metal products n.e.c.,,,25,"Manufacture of fabricated metal products, except machinery and equipment",259,Manufacture of other fabricated metal products; metalworking service activities,2599,Manufacture of other fabricated metal products n.e.c.,DCF / rDCF,CCA,PTA,DDM,Graham Number,"Stable consumer businesses benefit from DCF for cash flow projection and CCA for market comparison. PTA and DDM offer additional perspectives, with Graham Number as a safety margin check.","MLI,MGRC,RS","MYPK3,TUPY3,FRAS3"
2611,"Manufacture of solar cells, solar panels and photovoltaic inverters",,,26,"Manufacture of computer, electronic and optical products",261,Manufacture of electronic components and boards,2611,"Manufacture of solar cells, solar panels and photovoltaic inverters",DCF / rDCF,CCA,PTA,DDM,Graham Number,"Stable consumer businesses benefit from DCF for cash flow projection and CCA for market comparison. PTA and DDM offer additional perspectives, with Graham Number as a safety margin check.","FSLR,ENPH,SEDG","WEGE3,AERI3,KEPL3"
2619,Manufacture of other electronic components and boards,,,26,"Manufacture of computer, electronic and optical products",261,Manufacture of electronic components and boards,2619,Manufacture of other electronic components and boards,DCF / rDCF,CCA,PTA,DDM,Graham Number,"Stable consumer businesses benefit from DCF for cash flow projection and CCA for market comparison. PTA and DDM offer additional perspectives, with Graham Number as a safety margin check.","MCHP,ADI,NVDA","WEGE3,TASA4,KEPL3"
2620,Manufacture of computers and peripheral equipment,,,26,"Manufacture of computer, electronic and optical products",262,Manufacture of computers and peripheral equipment,2620,Manufacture of computers and peripheral equipment,DCF / rDCF,CCA,PTA,DDM,Graham Number,"Stable consumer businesses benefit from DCF for cash flow projection and CCA for market comparison. PTA and DDM offer additional perspectives, with Graham Number as a safety margin check.","HPQ,DELL,NTAP","POSI3,INTB3,MLAS3"
2630,Manufacture of communication equipment,,,26,"Manufacture of computer, electronic and optical products",263,Manufacture of communication equipment,2630,Manufacture of communication equipment,DCF / rDCF,CCA,PTA,DDM,Graham Number,"Stable consumer businesses benefit from DCF for cash flow projection and CCA for market comparison. PTA and DDM offer additional perspectives, with Graham Number as a safety margin check.","CSCO,JNPR,MSI","VIVT3,TIMS3,INTB3"
2640,Manufacture of consumer electronics,,,26,"Manufacture of computer, electronic and optical products",264,Manufacture of consumer electronics,2640,Manufacture of consumer electronics,DCF / rDCF,CCA,PTA,DDM,Graham Number,"Stable consumer businesses benefit from DCF for cash flow projection and CCA for market comparison. PTA and DDM offer additional perspectives, with Graham Number as a safety margin check.","AAPL,SONO,GPRO","POSI3,INTB3,WEGE3"
2651,"Manufacture of measuring, testing, navigating and control equipment",,,26,"Manufacture of computer, electronic and optical products",265,"Manufacture of measuring, testing, navigating and control equipment; watches and clocks",2651,"Manufacture of measuring, testing, navigating and control equipment",DCF / rDCF,CCA,PTA,DDM,Graham Number,"Stable consumer businesses benefit from DCF for cash flow projection and CCA for market comparison. PTA and DDM offer additional perspectives, with Graham Number as a safety margin check.","AME,FTV,KEYS","AALR3,FLRY3,DASA3"
2652,Manufacture of watches and clocks,,,26,"Manufacture of computer, electronic and optical products",265,"Manufacture of measuring, testing, navigating and control equipment; watches and clocks",2652,Manufacture of watches and clocks,DCF / rDCF,CCA,PTA,DDM,Graham Number,"Stable consumer businesses benefit from DCF for cash flow projection and CCA for market comparison. PTA and DDM offer additional perspectives, with Graham Number as a safety margin check.","FOSL,MOV,RLX","WEGE3,TUPY3,FRAS3"
2660,"Manufacture of irradiation, electromedical and electrotherapeutic equipment",,,26,"Manufacture of computer, electronic and optical products",266,"Manufacture of irradiation, electromedical and electrotherapeutic equipment",2660,"Manufacture of irradiation, electromedical and electrotherapeutic equipment",DCF / rDCF,CCA,PTA,DDM,Graham Number,"Stable consumer businesses benefit from DCF for cash flow projection and CCA for market comparison. PTA and DDM offer additional perspectives, with Graham Number as a safety margin check.","GEHC,HOLX,VAR","BAUM4,WLMM4,LIFM3"
2670,Manufacture of optical instruments and photographic equipment,,,26,"Manufacture of computer, electronic and optical products",267,Manufacture of optical instruments and photographic equipment,2670,Manufacture of optical instruments and photographic equipment,DCF / rDCF,CCA,PTA,DDM,Graham Number,"Stable consumer businesses benefit from DCF for cash flow projection and CCA for market comparison. PTA and DDM offer additional perspectives, with Graham Number as a safety margin check.","COHU,KEYS,TER","MYPK3,TUPY3,BRKM5"
2680,Manufacture of magnetic and optical media,,,26,"Manufacture of computer, electronic and optical products",268,Manufacture of magnetic and optical media,2680,Manufacture of magnetic and optical media,DCF / rDCF,CCA,PTA,DDM,Graham Number,"Stable consumer businesses benefit from DCF for cash flow projection and CCA for market comparison. PTA and DDM offer additional perspectives, with Graham Number as a safety margin check.","WDC,STX,MU","POSI3,PDTC3,INTB3"
2710,"Manufacture of electric motors, generators, transformers and electricity distribution and control apparatus",,,27,Manufacture of electrical equipment,271,"Manufacture of electric motors, generators, transformers and electricity distribution and control apparatus",2710,"Manufacture of electric motors, generators, transformers and electricity distribution and control apparatus",DCF / rDCF,CCA,PTA,DDM,Graham Number,"Industrial manufacturing operations benefit from DCF for cash flow projections and CCA for market multiples. PTA and DDM provide asset-based and income perspectives, with Graham Number as a safety margin check.","EMR,ETN,ROK","WEGE3,KEPL3,TOTS3"
2720,Manufacture of batteries and accumulators,,,27,Manufacture of electrical equipment,272,Manufacture of batteries and accumulators,2720,Manufacture of batteries and accumulators,DCF / rDCF,CCA,PTA,DDM,Graham Number,"Stable consumer businesses benefit from DCF for cash flow projection and CCA for market comparison. PTA and DDM offer additional perspectives, with Graham Number as a safety margin check.","QS,ENVX,ENR","ELP4,MGLU3,VIVA3"
2731,Manufacture of fibre optic cables,,,27,Manufacture of electrical equipment,273,Manufacture of wiring and wiring devices,2731,Manufacture of fibre optic cables,DCF / rDCF,CCA,PTA,DDM,Graham Number,"Stable consumer businesses benefit from DCF for cash flow projection and CCA for market comparison. PTA and DDM offer additional perspectives, with Graham Number as a safety margin check.","GLW,OCC,COMM","TUPY3,WEGE3,FRAS3"
2732,Manufacture of other electronic and electric wires and cables,,,27,Manufacture of electrical equipment,273,Manufacture of wiring and wiring devices,2732,Manufacture of other electronic and electric wires and cables,DCF / rDCF,CCA,PTA,DDM,Graham Number,"Stable consumer businesses benefit from DCF for cash flow projection and CCA for market comparison. PTA and DDM offer additional perspectives, with Graham Number as a safety margin check.","TEL,APH,VMC","TUPY3,BRKM5,TELB4"
2733,Manufacture of wiring devices,,,27,Manufacture of electrical equipment,273,Manufacture of wiring and wiring devices,2733,Manufacture of wiring devices,DCF / rDCF,CCA,PTA,DDM,Graham Number,"Stable consumer businesses benefit from DCF for cash flow projection and CCA for market comparison. PTA and DDM offer additional perspectives, with Graham Number as a safety margin check.","HUB,EMR,SWK","WEGE3,TUPY3,FRAS3"
2740,Manufacture of lighting equipment,,,27,Manufacture of electrical equipment,274,Manufacture of lighting equipment,2740,Manufacture of lighting equipment,DCF / rDCF,CCA,PTA,DDM,Graham Number,"Stable consumer businesses benefit from DCF for cash flow projection and CCA for market comparison. PTA and DDM offer additional perspectives, with Graham Number as a safety margin check.","ACITY,HUBB,LSI","WEGE3,TASA4,KEPL3"
2750,Manufacture of domestic appliances,,,27,Manufacture of electrical equipment,275,Manufacture of domestic appliances,2750,Manufacture of domestic appliances,DCF / rDCF,CCA,PTA,DDM,Graham Number,"Stable consumer businesses benefit from DCF for cash flow projection and CCA for market comparison. PTA and DDM offer additional perspectives, with Graham Number as a safety margin check.","WHR,HBB,NWL","WHRL3,MGLU3,AMER3"
2790,Manufacture of other electrical equipment,,,27,Manufacture of electrical equipment,279,Manufacture of other electrical equipment,2790,Manufacture of other electrical equipment,DCF / rDCF,CCA,PTA,DDM,Graham Number,"Stable consumer businesses benefit from DCF for cash flow projection and CCA for market comparison. PTA and DDM offer additional perspectives, with Graham Number as a safety margin check.","ETN,EMR,GNRC","WEGE3,TOTS3,POSI3"
2811,"Manufacture of engines and turbines, except aircraft, vehicle and cycle engines",,,28,Manufacture of machinery and equipment n.e.c.,281,Manufacture of general-purpose machinery,2811,"Manufacture of engines and turbines, except aircraft, vehicle and cycle engines",DCF / rDCF,CCA,PTA,DDM,Graham Number,"Stable consumer businesses benefit from DCF for cash flow projection and CCA for market comparison. PTA and DDM offer additional perspectives, with Graham Number as a safety margin check.","GE,CMI,CAT","WEGE3,TUPY3,FRAS3"
2812,Manufacture of fluid power equipment,,,28,Manufacture of machinery and equipment n.e.c.,281,Manufacture of general-purpose machinery,2812,Manufacture of fluid power equipment,DCF / rDCF,CCA,PTA,DDM,Graham Number,"Stable consumer businesses benefit from DCF for cash flow projection and CCA for market comparison. PTA and DDM offer additional perspectives, with Graham Number as a safety margin check.","ERII,PH,FLS","WEGE3,TUPY3,FRAS3"
2813,"Manufacture of other pumps, compressors, taps and valves",,,28,Manufacture of machinery and equipment n.e.c.,281,Manufacture of general-purpose machinery,2813,"Manufacture of other pumps, compressors, taps and valves",DCF / rDCF,CCA,PTA,DDM,Graham Number,"Stable consumer businesses benefit from DCF for cash flow projection and CCA for market comparison. PTA and DDM offer additional perspectives, with Graham Number as a safety margin check.","IR,PNR,FLOW","WEGE3,TUPY3,FRAS3"
2814,"Manufacture of bearings, gears, gearing and driving elements",,,28,Manufacture of machinery and equipment n.e.c.,281,Manufacture of general-purpose machinery,2814,"Manufacture of bearings, gears, gearing and driving elements",DCF / rDCF,CCA,PTA,DDM,Graham Number,"Stable consumer businesses benefit from DCF for cash flow projection and CCA for market comparison. PTA and DDM offer additional perspectives, with Graham Number as a safety margin check.","ALV,APTV,GNTX","TUPY3,WEGE3,FRAS3"
2815,"Manufacture of ovens, furnaces and permanent household heating equipment",,,28,Manufacture of machinery and equipment n.e.c.,281,Manufacture of general-purpose machinery,2815,"Manufacture of ovens, furnaces and permanent household heating equipment",DCF / rDCF,CCA,PTA,DDM,Graham Number,"Stable consumer businesses benefit from DCF for cash flow projection and CCA for market comparison. PTA and DDM offer additional perspectives, with Graham Number as a safety margin check.","WHR,CHRW,LII","WEGE3,TUPY3,FRAS3"
2816,Manufacture of lifting and handling equipment,,,28,Manufacture of machinery and equipment n.e.c.,281,Manufacture of general-purpose machinery,2816,Manufacture of lifting and handling equipment,DCF / rDCF,CCA,PTA,DDM,Graham Number,"Stable consumer businesses benefit from DCF for cash flow projection and CCA for market comparison. PTA and DDM offer additional perspectives, with Graham Number as a safety margin check.","OTIS,KNE,TTRE","ROMI3,KEPL3,TUPY3"
2817,Manufacture of office machinery and equipment (except computers and peripheral equipment),,,28,Manufacture of machinery and equipment n.e.c.,281,Manufacture of general-purpose machinery,2817,Manufacture of office machinery and equipment (except computers and peripheral equipment),DCF / rDCF,CCA,PTA,DDM,Graham Number,"Stable consumer businesses benefit from DCF for cash flow projection and CCA for market comparison. PTA and DDM offer additional perspectives, with Graham Number as a safety margin check.","XRX,LXK,PBI","WEGE3,TUPY3,FRAS3"
2818,Manufacture of power-driven hand tools,,,28,Manufacture of machinery and equipment n.e.c.,281,Manufacture of general-purpose machinery,2818,Manufacture of power-driven hand tools,DCF / rDCF,CCA,PTA,DDM,Graham Number,"Stable consumer businesses benefit from DCF for cash flow projection and CCA for market comparison. PTA and DDM offer additional perspectives, with Graham Number as a safety margin check.","SWK,SNA,TTSH","TOTS3,WEGE3,CSUD3"
2819,Manufacture of other general-purpose machinery,,,28,Manufacture of machinery and equipment n.e.c.,281,Manufacture of general-purpose machinery,2819,Manufacture of other general-purpose machinery,DCF / rDCF,CCA,PTA,DDM,Graham Number,"Stable consumer businesses benefit from DCF for cash flow projection and CCA for market comparison. PTA and DDM offer additional perspectives, with Graham Number as a safety margin check.","ITW,DOV,AME","WEGE3,ROMI3,TUPY3"
2821,Manufacture of agricultural and forestry machinery,,,28,Manufacture of machinery and equipment n.e.c.,282,Manufacture of special-purpose machinery,2821,Manufacture of agricultural and forestry machinery,DCF / rDCF,CCA,PTA,DDM,Graham Number,"Stable consumer businesses benefit from DCF for cash flow projection and CCA for market comparison. PTA and DDM offer additional perspectives, with Graham Number as a safety margin check.","DE,AGCO,CNH","ROMI3,KEPL3,TUPY3"
2822,Manufacture of metal-forming machinery and machine tools,,,28,Manufacture of machinery and equipment n.e.c.,282,Manufacture of special-purpose machinery,2822,Manufacture of metal-forming machinery and machine tools,DCF / rDCF,CCA,PTA,DDM,Graham Number,"Stable consumer businesses benefit from DCF for cash flow projection and CCA for market comparison. PTA and DDM offer additional perspectives, with Graham Number as a safety margin check.","DE,AGCO,CNHI","ROMI3,WEGE3,TUPY3"
2823,Manufacture of machinery for metallurgy,,,28,Manufacture of machinery and equipment n.e.c.,282,Manufacture of special-purpose machinery,2823,Manufacture of machinery for metallurgy,DCF / rDCF,CCA,PTA,DDM,Graham Number,"Stable consumer businesses benefit from DCF for cash flow projection and CCA for market comparison. PTA and DDM offer additional perspectives, with Graham Number as a safety margin check.","MTW,GLW,FLS","ROMI3,TUPY3,SHUL4"
2824,"Manufacture of machinery for mining, quarrying and construction",,,28,Manufacture of machinery and equipment n.e.c.,282,Manufacture of special-purpose machinery,2824,"Manufacture of machinery for mining, quarrying and construction",DCF / rDCF,CCA,PTA,DDM,Graham Number,"Stable consumer businesses benefit from DCF for cash flow projection and CCA for market comparison. PTA and DDM offer additional perspectives, with Graham Number as a safety margin check.","CAT,DE,TEX","ROMI3,TUPY3,KEPL3"
2825,"Manufacture of machinery for food, beverage and tobacco processing",,,28,Manufacture of machinery and equipment n.e.c.,282,Manufacture of special-purpose machinery,2825,"Manufacture of machinery for food, beverage and tobacco processing",DCF / rDCF,CCA,PTA,DDM,Graham Number,"Stable consumer businesses benefit from DCF for cash flow projection and CCA for market comparison. PTA and DDM offer additional perspectives, with Graham Number as a safety margin check.","MIDD,JBT,GEA","KEPL3,ROMI3,TUPY3"
2826,"Manufacture of machinery for textile, apparel and leather production",,,28,Manufacture of machinery and equipment n.e.c.,282,Manufacture of special-purpose machinery,2826,"Manufacture of machinery for textile, apparel and leather production",DCF / rDCF,CCA,PTA,DDM,Graham Number,"Stable consumer businesses benefit from DCF for cash flow projection and CCA for market comparison. PTA and DDM offer additional perspectives, with Graham Number as a safety margin check.","AIN,UFI,CULP","ROMI3,WEGE3,TUPY3"
2829,Manufacture of other special-purpose machinery,,,28,Manufacture of machinery and equipment n.e.c.,282,Manufacture of special-purpose machinery,2829,Manufacture of other special-purpose machinery,DCF / rDCF,CCA,PTA,DDM,Graham Number,"Stable consumer businesses benefit from DCF for cash flow projection and CCA for market comparison. PTA and DDM offer additional perspectives, with Graham Number as a safety margin check.","ITW,DOV,DE","ROMI3,WEGE3,TUPY3"
2910,Manufacture of motor vehicles,,,29,"Manufacture of motor vehicles, trailers and semi-trailers",291,Manufacture of motor vehicles,2910,Manufacture of motor vehicles,DCF / rDCF,CCA,PTA,DDM,Graham Number,"Stable consumer businesses benefit from DCF for cash flow projection and CCA for market comparison. PTA and DDM offer additional perspectives, with Graham Number as a safety margin check.","F,GM,STLA","MYPK3,LEVE3,TUPY3"
2920,Manufacture of bodies (coachwork) for motor vehicles; manufacture of trailers and semi-trailers,,,29,"Manufacture of motor vehicles, trailers and semi-trailers",292,Manufacture of bodies (coachwork) for motor vehicles; manufacture of trailers and semi-trailers,2920,Manufacture of bodies (coachwork) for motor vehicles; manufacture of trailers and semi-trailers,DCF / rDCF,CCA,PTA,DDM,Graham Number,"Stable consumer businesses benefit from DCF for cash flow projection and CCA for market comparison. PTA and DDM offer additional perspectives, with Graham Number as a safety margin check.","TH,WNC,CVCO","RAPT4,FRAS3,TUPY3"
2930,Manufacture of parts and accessories for motor vehicles,,,29,"Manufacture of motor vehicles, trailers and semi-trailers",293,Manufacture of parts and accessories for motor vehicles,2930,Manufacture of parts and accessories for motor vehicles,DCF / rDCF,CCA,PTA,DDM,Graham Number,"Stable consumer businesses benefit from DCF for cash flow projection and CCA for market comparison. PTA and DDM offer additional perspectives, with Graham Number as a safety margin check.","LEA,DAN,BWA","FRAS3,TUPY3,POMO4"
3011,Building of ships and floating structures,,,30,Manufacture of other transport equipment,301,Building of ships and boats,3011,Building of ships and floating structures,DCF / rDCF,CCA,PTA,DDM,Graham Number,"Stable consumer businesses benefit from DCF for cash flow projection and CCA for market comparison. PTA and DDM offer additional perspectives, with Graham Number as a safety margin check.","HII,GD,NOC","WEGE3,EMBR3,RAPT4"
3012,Building of pleasure and sporting boats,,,30,Manufacture of other transport equipment,301,Building of ships and boats,3012,Building of pleasure and sporting boats,DCF / rDCF,CCA,PTA,DDM,Graham Number,"Stable consumer businesses benefit from DCF for cash flow projection and CCA for market comparison. PTA and DDM offer additional perspectives, with Graham Number as a safety margin check.","MBUU,MCFT,BC","TUPY3,WEGE3,POMO4"
3020,Manufacture of railway locomotives and rolling stock,,,30,Manufacture of other transport equipment,302,Manufacture of railway locomotives and rolling stock,3020,Manufacture of railway locomotives and rolling stock,DCF / rDCF,CCA,PTA,DDM,Graham Number,"Stable consumer businesses benefit from DCF for cash flow projection and CCA for market comparison. PTA and DDM offer additional perspectives, with Graham Number as a safety margin check.","WAB,TRN,GBX","RAIL3,MRSA3B,TASA4"
3030,Manufacture of air and spacecraft and related machinery,,,30,Manufacture of other transport equipment,303,Manufacture of air and spacecraft and related machinery,3030,Manufacture of air and spacecraft and related machinery,DCF / rDCF,CCA,PTA,DDM,Graham Number,"Stable consumer businesses benefit from DCF for cash flow projection and CCA for market comparison. PTA and DDM offer additional perspectives, with Graham Number as a safety margin check.","BA,LMT,RTX","EMBR3,WEGE3,RAPT4"
3040,Manufacture of military fighting vehicles,,,30,Manufacture of other transport equipment,304,Manufacture of military fighting vehicles,3040,Manufacture of military fighting vehicles,DCF / rDCF,CCA,PTA,DDM,Graham Number,"Stable consumer businesses benefit from DCF for cash flow projection and CCA for market comparison. PTA and DDM offer additional perspectives, with Graham Number as a safety margin check.","LMT,GD,NOC","EMBR3,TUPY3,WEGE3"
3091,Manufacture of motorcycles,,,30,Manufacture of other transport equipment,309,Manufacture of transport equipment n.e.c.,3091,Manufacture of motorcycles,DCF / rDCF,CCA,PTA,DDM,Graham Number,"Stable consumer businesses benefit from DCF for cash flow projection and CCA for market comparison. PTA and DDM offer additional perspectives, with Graham Number as a safety margin check.","HOG,PIII,LCI","MYPK3,LEVE3,TUPY3"
3092,Manufacture of bicycles and invalid carriages,,,30,Manufacture of other transport equipment,309,Manufacture of transport equipment n.e.c.,3092,Manufacture of bicycles and invalid carriages,DCF / rDCF,CCA,PTA,DDM,Graham Number,"Stable consumer businesses benefit from DCF for cash flow projection and CCA for market comparison. PTA and DDM offer additional perspectives, with Graham Number as a safety margin check.","PTON,FOXF,VSTO","TUPY3,RPMG3,POMO4"
3099,Manufacture of other transport equipment n.e.c.,,,30,Manufacture of other transport equipment,309,Manufacture of transport equipment n.e.c.,3099,Manufacture of other transport equipment n.e.c.,DCF / rDCF,CCA,PTA,DDM,Graham Number,"Stable consumer businesses benefit from DCF for cash flow projection and CCA for market comparison. PTA and DDM offer additional perspectives, with Graham Number as a safety margin check.","OTIS,PCAR,HNI","TUPY3,ROMI3,RAPT3"
3101,Manufacture of wooden furniture,,,31,Manufacture of furniture,310,Manufacture of furniture,3101,Manufacture of wooden furniture,DCF / rDCF,CCA,PTA,DDM,Graham Number,"Stable consumer businesses benefit from DCF for cash flow projection and CCA for market comparison. PTA and DDM offer additional perspectives, with Graham Number as a safety margin check.","LZB,ETD,BSET","UCAS3,DXCO3,EUCA3"
3102,Manufacture of other furniture,,,31,Manufacture of furniture,310,Manufacture of furniture,3102,Manufacture of other furniture,DCF / rDCF,CCA,PTA,DDM,Graham Number,"Stable consumer businesses benefit from DCF for cash flow projection and CCA for market comparison. PTA and DDM offer additional perspectives, with Graham Number as a safety margin check.","LZB,ETH,HOFT","UCAS3,DXCO3,EUCA3"
3211,Manufacture of jewellery and related articles,,,32,Other manufacturing,321,"Manufacture of jewellery, bijouterie and related articles",3211,Manufacture of jewellery and related articles,DCF / rDCF,CCA,PTA,DDM,Graham Number,"Stable consumer businesses benefit from DCF for cash flow projection and CCA for market comparison. PTA and DDM offer additional perspectives, with Graham Number as a safety margin check.","SIG,MOV,MOV.B","VIVR3,PLPL3,EZTC3"
3212,Manufacture of imitation jewellery and related articles,,,32,Other manufacturing,321,"Manufacture of jewellery, bijouterie and related articles",3212,Manufacture of imitation jewellery and related articles,DCF / rDCF,CCA,PTA,DDM,Graham Number,"Stable consumer businesses benefit from DCF for cash flow projection and CCA for market comparison. PTA and DDM offer additional perspectives, with Graham Number as a safety margin check.","FOSL,MOV,CPRI","VIVA3,MTRE3,ALPA4"
3220,Manufacture of musical instruments,,,32,Other manufacturing,322,Manufacture of musical instruments,3220,Manufacture of musical instruments,DCF / rDCF,CCA,PTA,DDM,Graham Number,"Stable consumer businesses benefit from DCF for cash flow projection and CCA for market comparison. PTA and DDM offer additional perspectives, with Graham Number as a safety margin check.","SMCH,SONO,AVID","GIAN3,MYPK3,LEVE3"
3230,Manufacture of sports goods,,,32,Other manufacturing,323,Manufacture of sports goods,3230,Manufacture of sports goods,DCF / rDCF,CCA,PTA,DDM,Graham Number,"Stable consumer businesses benefit from DCF for cash flow projection and CCA for market comparison. PTA and DDM offer additional perspectives, with Graham Number as a safety margin check.","NKE,COLM,VFC","ALPA4,VIVA3,CEAB3"
3240,Manufacture of games and toys,,,32,Other manufacturing,324,Manufacture of games and toys,3240,Manufacture of games and toys,DCF / rDCF,CCA,PTA,DDM,Graham Number,"Stable consumer businesses benefit from DCF for cash flow projection and CCA for market comparison. PTA and DDM offer additional perspectives, with Graham Number as a safety margin check.","MAT,HAS,JAKK","ESTR4,BMKS3,SRM"
3250,Manufacture of medical and dental instruments and supplies,,,32,Other manufacturing,325,Manufacture of medical and dental instruments and supplies,3250,Manufacture of medical and dental instruments and supplies,DCF / rDCF,CCA,PTA,DDM,Graham Number,"Stable consumer businesses benefit from DCF for cash flow projection and CCA for market comparison. PTA and DDM offer additional perspectives, with Graham Number as a safety margin check.","BSX,MDT,ZBH","HYPE3,RADL3,PNVL3"
3290,Other manufacturing n.e.c.,,,32,Other manufacturing,329,Other manufacturing n.e.c.,3290,Other manufacturing n.e.c.,DCF / rDCF,CCA,PTA,DDM,Graham Number,"Stable consumer businesses benefit from DCF for cash flow projection and CCA for market comparison. PTA and DDM offer additional perspectives, with Graham Number as a safety margin check.","MAT,HAS,JAKK","TUPY3,ROMI3,SHUL4"
3311,Repair and maintenance of fabricated metal products,,,33,"Repair, maintenance and installation of machinery and equipment",331,"Repair and maintenance of fabricated metal products, machinery and equipment",3311,Repair and maintenance of fabricated metal products,DCF / rDCF,CCA,PTA,DDM,Graham Number,"Stable consumer businesses benefit from DCF for cash flow projection and CCA for market comparison. PTA and DDM offer additional perspectives, with Graham Number as a safety margin check.","AME,GWW,FAST","WEGE3,TUPY3,FRAS3"
3312,Repair and maintenance of machinery,,,33,"Repair, maintenance and installation of machinery and equipment",331,"Repair and maintenance of fabricated metal products, machinery and equipment",3312,Repair and maintenance of machinery,DCF / rDCF,CCA,PTA,DDM,Graham Number,"Stable consumer businesses benefit from DCF for cash flow projection and CCA for market comparison. PTA and DDM offer additional perspectives, with Graham Number as a safety margin check.","DOV,FLS,PNR","WEGE3,TUPY3,FRAS3"
3313,Repair and maintenance of electronic and optical equipment,,,33,"Repair, maintenance and installation of machinery and equipment",331,"Repair and maintenance of fabricated metal products, machinery and equipment",3313,Repair and maintenance of electronic and optical equipment,DCF / rDCF,CCA,PTA,DDM,Graham Number,"Stable consumer businesses benefit from DCF for cash flow projection and CCA for market comparison. PTA and DDM offer additional perspectives, with Graham Number as a safety margin check.","IPGP,COHR,LITE","WEGE3,TUPY3,FRAS3"
3314,Repair and maintenance of electrical equipment,,,33,"Repair, maintenance and installation of machinery and equipment",331,"Repair and maintenance of fabricated metal products, machinery and equipment",3314,Repair and maintenance of electrical equipment,DCF / rDCF,CCA,PTA,DDM,Graham Number,"Stable consumer businesses benefit from DCF for cash flow projection and CCA for market comparison. PTA and DDM offer additional perspectives, with Graham Number as a safety margin check.","GE,EMR,AME","WEGE3,TUPY3,FRAS3"
3315,"Repair and maintenance of transport equipment, except motor vehicles",,,33,"Repair, maintenance and installation of machinery and equipment",331,"Repair and maintenance of fabricated metal products, machinery and equipment",3315,"Repair and maintenance of transport equipment, except motor vehicles",DCF / rDCF,CCA,PTA,DDM,Graham Number,"Stable consumer businesses benefit from DCF for cash flow projection and CCA for market comparison. PTA and DDM offer additional perspectives, with Graham Number as a safety margin check.","GATX,WAB,TRN","POMO4,RAPT4,TUPY3"
3319,Repair and maintenance of other equipment,,,33,"Repair, maintenance and installation of machinery and equipment",331,"Repair and maintenance of fabricated metal products, machinery and equipment",3319,Repair and maintenance of other equipment,DCF / rDCF,CCA,PTA,DDM,Graham Number,"Stable consumer businesses benefit from DCF for cash flow projection and CCA for market comparison. PTA and DDM offer additional perspectives, with Graham Number as a safety margin check.","FELE,TRS,KAI","WEGE3,TUPY3,FRAS3"
3320,Installation of industrial machinery and equipment,,,33,"Repair, maintenance and installation of machinery and equipment",332,Installation of industrial machinery and equipment,3320,Installation of industrial machinery and equipment,DCF / rDCF,CCA,PTA,DDM,Graham Number,"Stable consumer businesses benefit from DCF for cash flow projection and CCA for market comparison. PTA and DDM offer additional perspectives, with Graham Number as a safety margin check.","PH,AME,IR","WEGE3,FRAS3,TUPY3"
3511,Electric power generation activities from non-renewable sources,,,35,"Electricity, gas, steam and air conditioning supply",351,"Electric power generation, transmission and distribution activities",3511,Electric power generation activities from non-renewable sources,DCF / rDCF,DDM,CCA,Graham Number,Replacement Value,"Regulated utilities have stable cash flows, making DCF and DDM suitable. CCA and Graham Number provide market and intrinsic value checks, with Replacement Value for asset-heavy operations.","NEE,DUK,SO","CPFE3,EGIE3,ENEVA3"
3512,Electric power generation activities from renewable sources,,,35,"Electricity, gas, steam and air conditioning supply",351,"Electric power generation, transmission and distribution activities",3512,Electric power generation activities from renewable sources,DCF / rDCF,DDM,CCA,Graham Number,Replacement Value,"Regulated utilities have stable cash flows, making DCF and DDM suitable. CCA and Graham Number provide market and intrinsic value checks, with Replacement Value for asset-heavy operations.","NEE,DUK,SO","EGIE3,AURE3,AESB3"
3513,Electric power transmission and distribution activities,,,35,"Electricity, gas, steam and air conditioning supply",351,"Electric power generation, transmission and distribution activities",3513,Electric power transmission and distribution activities,DCF / rDCF,DDM,CCA,Graham Number,Replacement Value,"Regulated utilities have stable cash flows, making DCF and DDM suitable. CCA and Graham Number provide market and intrinsic value checks, with Replacement Value for asset-heavy operations.","NEE,SO,ETR","CPLE6,TRPL4,TAEE11"
3520,Manufacture of gas; distribution of gaseous fuels through mains,,,35,"Electricity, gas, steam and air conditioning supply",352,Manufacture of gas; distribution of gaseous fuels through mains,3520,Manufacture of gas; distribution of gaseous fuels through mains,DCF / rDCF,DDM,CCA,Graham Number,Replacement Value,"Regulated utilities have stable cash flows, making DCF and DDM suitable. CCA and Graham Number provide market and intrinsic value checks, with Replacement Value for asset-heavy operations.","ATO,SWX,OGS","CGAS5,CGAS3,SAPR4"
3530,Steam and air conditioning supply,,,35,"Electricity, gas, steam and air conditioning supply",353,Steam and air conditioning supply,3530,Steam and air conditioning supply,DCF / rDCF,DDM,CCA,Graham Number,Replacement Value,"Regulated utilities have stable cash flows, making DCF and DDM suitable. CCA and Graham Number provide market and intrinsic value checks, with Replacement Value for asset-heavy operations.","PCG,SRE,POR","SBSP3,SAPR11,CSMG3"
3540,Activities of brokers and agents for electric power and natural gas,,,35,"Electricity, gas, steam and air conditioning supply",354,Activities of brokers and agents for electric power and natural gas,3540,Activities of brokers and agents for electric power and natural gas,DCF / rDCF,DDM,CCA,Graham Number,Replacement Value,"Regulated utilities have stable cash flows, making DCF and DDM suitable. CCA and Graham Number provide market and intrinsic value checks, with Replacement Value for asset-heavy operations.","LNG,CEG,VST","CPFE3,EGIE3,ALUP3"
3600,"Water collection, treatment and supply",,,36,"Water collection, treatment and supply",360,"Water collection, treatment and supply",3600,"Water collection, treatment and supply",DCF / rDCF,DDM,CCA,Graham Number,Replacement Value,"Regulated utilities have stable cash flows, making DCF and DDM suitable. CCA and Graham Number provide market and intrinsic value checks, with Replacement Value for asset-heavy operations.","AWK,WTRG,AWR","SBSP3,CSMG3,SAPR11"
3700,Sewerage,,,37,Sewerage,370,Sewerage,3700,Sewerage,DCF / rDCF,DDM,CCA,Graham Number,Replacement Value,"Regulated utilities have stable cash flows, making DCF and DDM suitable. CCA and Graham Number provide market and intrinsic value checks, with Replacement Value for asset-heavy operations.","AWK,WTRG,AWR","SBSP3,CSMG3,SAPR11"
3811,Collection of non-hazardous waste,,,38,"Waste collection, treatment and disposal, and recovery activities",381,Waste collection activities,3811,Collection of non-hazardous waste,DCF / rDCF,DDM,CCA,Graham Number,Replacement Value,"Regulated utilities have stable cash flows, making DCF and DDM suitable. CCA and Graham Number provide market and intrinsic value checks, with Replacement Value for asset-heavy operations.","WM,RSG,WCN","AMBP3,CSMG3,SBSP3"
3812,Collection of hazardous waste,,,38,"Waste collection, treatment and disposal, and recovery activities",381,Waste collection activities,3812,Collection of hazardous waste,DCF / rDCF,DDM,CCA,Graham Number,Replacement Value,"Regulated utilities have stable cash flows, making DCF and DDM suitable. CCA and Graham Number provide market and intrinsic value checks, with Replacement Value for asset-heavy operations.","WM,RSG,WCN","CSAN3,AMBP3,CSMG3"
3821,Treatment and disposal of non-hazardous waste,,,38,"Waste collection, treatment and disposal, and recovery activities",382,Waste treatment and disposal,3821,Treatment and disposal of non-hazardous waste,DCF / rDCF,DDM,CCA,Graham Number,Replacement Value,"Regulated utilities have stable cash flows, making DCF and DDM suitable. CCA and Graham Number provide market and intrinsic value checks, with Replacement Value for asset-heavy operations.","RSG,WCN,WM","AMBP3,CSMG3,ORVR3"
3822,Treatment and disposal of hazardous waste,,,38,"Waste collection, treatment and disposal, and recovery activities",382,Waste treatment and disposal,3822,Treatment and disposal of hazardous waste,DCF / rDCF,DDM,CCA,Graham Number,Replacement Value,"Regulated utilities have stable cash flows, making DCF and DDM suitable. CCA and Graham Number provide market and intrinsic value checks, with Replacement Value for asset-heavy operations.","WM,RSG,WCN","AMBP3,CSMG3,ORVR3"
3830,Materials and other waste recovery,,,38,"Waste collection, treatment and disposal, and recovery activities",383,Materials and other waste recovery,3830,Materials and other waste recovery,DCF / rDCF,DDM,CCA,Graham Number,Replacement Value,"Regulated utilities have stable cash flows, making DCF and DDM suitable. CCA and Graham Number provide market and intrinsic value checks, with Replacement Value for asset-heavy operations.","WM,RSG,WCN","AMBP3,CSMG3,ORVR3"
3900,Remediation and other waste management service activities,,,39,Remediation and other waste management service activities,390,Remediation and other waste management service activities,3900,Remediation and other waste management service activities,DCF / rDCF,DDM,CCA,Graham Number,Replacement Value,"Regulated utilities have stable cash flows, making DCF and DDM suitable. CCA and Graham Number provide market and intrinsic value checks, with Replacement Value for asset-heavy operations.","WM,RSG,WCN","AMBP3,CSMG3,SBSP3"
4100,Construction of residential and non-residential buildings,,,41,Construction of residential and non-residential buildings,410,Construction of residential and non-residential buildings,4100,Construction of residential and non-residential buildings,DCF / rDCF,CCA,PTA,Replacement Value,Graham Number,"Industrials benefit from DCF for cash flow projection and CCA for market comparison. PTA and Replacement Value are useful for asset-heavy industries, with Graham Number for intrinsic value assessment.","DHI,PHM,LEN","CYRE3,EZTC3,LAVV3"
4210,Construction of roads and railways,,,42,Civil engineering,421,Construction of roads and railways,4210,Construction of roads and railways,DCF / rDCF,CCA,PTA,Replacement Value,Graham Number,"Industrials benefit from DCF for cash flow projection and CCA for market comparison. PTA and Replacement Value are useful for asset-heavy industries, with Graham Number for intrinsic value assessment.","PWR,ROAD,ACM","CCRO3,ECOR3,PORT3"
4220,Construction of utility projects,,,42,Civil engineering,422,Construction of utility projects,4220,Construction of utility projects,DCF / rDCF,CCA,PTA,Replacement Value,Graham Number,"Industrials benefit from DCF for cash flow projection and CCA for market comparison. PTA and Replacement Value are useful for asset-heavy industries, with Graham Number for intrinsic value assessment.","MTZ,PWR,PRIM","CPFE3,EQTL3,ENGI11"
4290,Construction of other civil engineering projects,,,42,Civil engineering,429,Construction of other civil engineering projects,4290,Construction of other civil engineering projects,DCF / rDCF,CCA,PTA,Replacement Value,Graham Number,"Industrials benefit from DCF for cash flow projection and CCA for market comparison. PTA and Replacement Value are useful for asset-heavy industries, with Graham Number for intrinsic value assessment.","PWR,EME,MTZ","AURE3,ALOS3,JALL3"
4311,Demolition,,,43,Specialized construction activities,431,Demolition and site preparation,4311,Demolition,DCF / rDCF,CCA,PTA,Replacement Value,Graham Number,"Industrials benefit from DCF for cash flow projection and CCA for market comparison. PTA and Replacement Value are useful for asset-heavy industries, with Graham Number for intrinsic value assessment.","ACM,PWR,MTZ","CYRE3,EZTC3,TEND3"
4312,Site preparation,,,43,Specialized construction activities,431,Demolition and site preparation,4312,Site preparation,DCF / rDCF,CCA,PTA,Replacement Value,Graham Number,"Industrials benefit from DCF for cash flow projection and CCA for market comparison. PTA and Replacement Value are useful for asset-heavy industries, with Graham Number for intrinsic value assessment.","PWR,ACM,EME","LAVV3,CURY3,CYRE3"
4321,Electrical installation,,,43,Specialized construction activities,432,"Electrical, plumbing and other construction installation activities",4321,Electrical installation,DCF / rDCF,CCA,PTA,Replacement Value,Graham Number,"Industrials benefit from DCF for cash flow projection and CCA for market comparison. PTA and Replacement Value are useful for asset-heavy industries, with Graham Number for intrinsic value assessment.","EMR,AME,HUBB","ALUP11,ELET3,TAEE11"
4322,"Plumbing, heat and air-conditioning installation",,,43,Specialized construction activities,432,"Electrical, plumbing and other construction installation activities",4322,"Plumbing, heat and air-conditioning installation",DCF / rDCF,CCA,PTA,Replacement Value,Graham Number,"Industrials benefit from DCF for cash flow projection and CCA for market comparison. PTA and Replacement Value are useful for asset-heavy industries, with Graham Number for intrinsic value assessment.","JCI,CARR,TT","MRVE3,DIRR3,TEND3"
4329,Other construction installation,,,43,Specialized construction activities,432,"Electrical, plumbing and other construction installation activities",4329,Other construction installation,DCF / rDCF,CCA,PTA,Replacement Value,Graham Number,"Industrials benefit from DCF for cash flow projection and CCA for market comparison. PTA and Replacement Value are useful for asset-heavy industries, with Graham Number for intrinsic value assessment.","JCI,EMR,HON","AZEV3,TEND3,MRVE3"
4330,Building completion and finishing,,,43,Specialized construction activities,433,Building completion and finishing,4330,Building completion and finishing,DCF / rDCF,CCA,PTA,Replacement Value,Graham Number,"Industrials benefit from DCF for cash flow projection and CCA for market comparison. PTA and Replacement Value are useful for asset-heavy industries, with Graham Number for intrinsic value assessment.","PHM,LEN,KBH","CYRE3,EZTC3,TRIS3"
4340,Intermediation service activities for specialized construction services,,,43,Specialized construction activities,434,Intermediation service activities for specialized construction services,4340,Intermediation service activities for specialized construction services,DCF / rDCF,CCA,PTA,Replacement Value,Graham Number,"Industrials benefit from DCF for cash flow projection and CCA for market comparison. PTA and Replacement Value are useful for asset-heavy industries, with Graham Number for intrinsic value assessment.","ACM,J,VRSK","LPSB3,GGPS3,SIMH3"
4390,Other specialized construction activities,,,43,Specialized construction activities,439,Other specialized construction activities,4390,Other specialized construction activities,DCF / rDCF,CCA,PTA,Replacement Value,Graham Number,"Industrials benefit from DCF for cash flow projection and CCA for market comparison. PTA and Replacement Value are useful for asset-heavy industries, with Graham Number for intrinsic value assessment.","PWR,MTZ,PRIM","CYRE3,EZTC3,JHSF3"
4610,Wholesale on a fee or contract basis,,,46,Wholesale trade,461,Wholesale on a fee or contract basis,4610,Wholesale on a fee or contract basis,DCF / rDCF,CCA,PTA,Replacement Value,Graham Number,"Industrials benefit from DCF for cash flow projection and CCA for market comparison. PTA and Replacement Value are useful for asset-heavy industries, with Graham Number for intrinsic value assessment.","CHRW,GXO,EXPD","AMAR3,ASAI3,AZZA3"
4620,Wholesale of agricultural raw materials and live animals,,,46,Wholesale trade,462,Wholesale of agricultural raw materials and live animals,4620,Wholesale of agricultural raw materials and live animals,DCF / rDCF,CCA,PTA,Replacement Value,Graham Number,"Industrials benefit from DCF for cash flow projection and CCA for market comparison. PTA and Replacement Value are useful for asset-heavy industries, with Graham Number for intrinsic value assessment.","ADM,BG,CTVA","SLCE3,AGRO3,SOJA3"
4630,"Wholesale of food, beverages and tobacco",,,46,Wholesale trade,463,"Wholesale of food, beverages and tobacco",4630,"Wholesale of food, beverages and tobacco",DCF / rDCF,CCA,PTA,DDM,Graham Number,"Stable consumer businesses benefit from DCF for cash flow projection and CCA for market comparison. PTA and DDM offer additional perspectives, with Graham Number as a safety margin check.","SYY,USFD,PFGC","ASAI3,CRFB3,PCAR3"
4641,"Wholesale of textiles, clothing and footwear",,,46,Wholesale trade,464,Wholesale of household goods,4641,"Wholesale of textiles, clothing and footwear",DCF / rDCF,CCA,PTA,DDM,Graham Number,"Stable consumer businesses benefit from DCF for cash flow projection and CCA for market comparison. PTA and DDM offer additional perspectives, with Graham Number as a safety margin check.","VFC,PVH,CPRI","LREN3,CEAB3,GUAR3"
4642,"Wholesale of household, office and shop furniture, carpets and lighting equipment",,,46,Wholesale trade,464,Wholesale of household goods,4642,"Wholesale of household, office and shop furniture, carpets and lighting equipment",DCF / rDCF,CCA,PTA,Replacement Value,Graham Number,"Industrials benefit from DCF for cash flow projection and CCA for market comparison. PTA and Replacement Value are useful for asset-heavy industries, with Graham Number for intrinsic value assessment.","LZB,ETH,HNI","LAVV3,EZTC3,TEND3"
4649,Wholesale of other household goods,,,46,Wholesale trade,464,Wholesale of household goods,4649,Wholesale of other household goods,DCF / rDCF,CCA,PTA,DDM,Graham Number,"Stable consumer businesses benefit from DCF for cash flow projection and CCA for market comparison. PTA and DDM offer additional perspectives, with Graham Number as a safety margin check.","WBA,CVS,RAD","LREN3,MGLU3,AMAR3"
4651,"Wholesale of computers, computer peripheral equipment and software",,,46,Wholesale trade,465,"Wholesale of machinery, equipment and supplies",4651,"Wholesale of computers, computer peripheral equipment and software",CCA,DCF / rDCF,Rule of 40,PTA,Real Options,"Technology companies are often valued by market multiples (CCA) and future cash flows (DCF). Rule of 40 and PTA provide growth and profitability insights, with Real Options for innovation potential.","CDW,SNX,NSIT","VIVT3,TIMS3,FIQE3"
4652,Wholesale of electronic and telecommunications equipment and parts,,,46,Wholesale trade,465,"Wholesale of machinery, equipment and supplies",4652,Wholesale of electronic and telecommunications equipment and parts,DCF / rDCF,CCA,PTA,Replacement Value,Graham Number,"Industrials benefit from DCF for cash flow projection and CCA for market comparison. PTA and Replacement Value are useful for asset-heavy industries, with Graham Number for intrinsic value assessment.","AVT,ARW,MSM","POSI3,INTB3,WEGE3"
4653,"Wholesale of agricultural machinery, equipment and supplies",,,46,Wholesale trade,465,"Wholesale of machinery, equipment and supplies",4653,"Wholesale of agricultural machinery, equipment and supplies",DCF / rDCF,CCA,PTA,Replacement Value,Graham Number,"Industrials benefit from DCF for cash flow projection and CCA for market comparison. PTA and Replacement Value are useful for asset-heavy industries, with Graham Number for intrinsic value assessment.","TITN,AGCO,LINX","SLCE3,AGRO3,SOJA3"
4659,Wholesale of other machinery and equipment,,,46,Wholesale trade,465,"Wholesale of machinery, equipment and supplies",4659,Wholesale of other machinery and equipment,DCF / rDCF,CCA,PTA,Replacement Value,Graham Number,"Industrials benefit from DCF for cash flow projection and CCA for market comparison. PTA and Replacement Value are useful for asset-heavy industries, with Graham Number for intrinsic value assessment.","GWW,FAST,MSC","ROMI3,TUPY3,KEPL3"
4661,Wholesale of motor vehicles,,,46,Wholesale trade,466,"Wholesale of motor vehicles, motorcycles and related parts and accessories",4661,Wholesale of motor vehicles,DCF / rDCF,CCA,PTA,Replacement Value,Graham Number,"Industrials benefit from DCF for cash flow projection and CCA for market comparison. PTA and Replacement Value are useful for asset-heavy industries, with Graham Number for intrinsic value assessment.","KMX,AN,ABG","VVBA4,HYPE3,MYPK3"
4662,Wholesale of motor vehicle parts and accessories,,,46,Wholesale trade,466,"Wholesale of motor vehicles, motorcycles and related parts and accessories",4662,Wholesale of motor vehicle parts and accessories,DCF / rDCF,CCA,PTA,Replacement Value,Graham Number,"Industrials benefit from DCF for cash flow projection and CCA for market comparison. PTA and Replacement Value are useful for asset-heavy industries, with Graham Number for intrinsic value assessment.","AZO,ORLY,GPC","RAPT4,RSUL4,POMO4"
4663,"Wholesale of motorcycles, motorcycle parts and accessories",,,46,Wholesale trade,466,"Wholesale of motor vehicles, motorcycles and related parts and accessories",4663,"Wholesale of motorcycles, motorcycle parts and accessories",DCF / rDCF,CCA,PTA,Replacement Value,Graham Number,"Industrials benefit from DCF for cash flow projection and CCA for market comparison. PTA and Replacement Value are useful for asset-heavy industries, with Graham Number for intrinsic value assessment.","HOG,FOXF,LCII","MYPK3,LEVE3,TUPY3"
4671,"Wholesale of solid, liquid and gaseous fuels and related products",,,46,Wholesale trade,467,Other specialized wholesale,4671,"Wholesale of solid, liquid and gaseous fuels and related products",DCF / rDCF,DDM,CCA,Graham Number,Replacement Value,"Regulated utilities have stable cash flows, making DCF and DDM suitable. CCA and Graham Number provide market and intrinsic value checks, with Replacement Value for asset-heavy operations.","MPC,PSX,VLO","VBBR3,CSAN3,UGPA3"
4672,Wholesale of metals and metal ores,,,46,Wholesale trade,467,Other specialized wholesale,4672,Wholesale of metals and metal ores,DCF / rDCF,CCA,PTA,Replacement Value,Graham Number,"Industrials benefit from DCF for cash flow projection and CCA for market comparison. PTA and Replacement Value are useful for asset-heavy industries, with Graham Number for intrinsic value assessment.","RS,STLD,NUE","VALE3,GGBR4,CSNA3"
4673,"Wholesale of construction materials, hardware, plumbing and heating equipment and supplies",,,46,Wholesale trade,467,Other specialized wholesale,4673,"Wholesale of construction materials, hardware, plumbing and heating equipment and supplies",DCF / rDCF,CCA,PTA,Replacement Value,Graham Number,"Industrials benefit from DCF for cash flow projection and CCA for market comparison. PTA and Replacement Value are useful for asset-heavy industries, with Graham Number for intrinsic value assessment.","FAST,WCC,MSM","TUPY3,FRAS3,POMO4"
4679,"Wholesale of chemicals, waste and scrap and other products n.e.c.",,,46,Wholesale trade,467,Other specialized wholesale,4679,"Wholesale of chemicals, waste and scrap and other products n.e.c.",DCF / rDCF,CCA,PTA,Replacement Value,Graham Number,"Industrials benefit from DCF for cash flow projection and CCA for market comparison. PTA and Replacement Value are useful for asset-heavy industries, with Graham Number for intrinsic value assessment.","LIN,SHW,APD","UNIP6,BRKM5,BRKM3"
4690,Non-specialized wholesale trade,,,46,Wholesale trade,469,Non-specialized wholesale trade,4690,Non-specialized wholesale trade,DCF / rDCF,CCA,PTA,Replacement Value,Graham Number,"Industrials benefit from DCF for cash flow projection and CCA for market comparison. PTA and Replacement Value are useful for asset-heavy industries, with Graham Number for intrinsic value assessment.","GPC,LKQ,ORLY","LREN3,ASAI3,GMAT3"
4711,"Non-specialized retail sale with food, beverages or tobacco predominating",,,47,Retail trade,471,Non-specialized retail sale,4711,"Non-specialized retail sale with food, beverages or tobacco predominating",DCF / rDCF,CCA,PTA,DDM,Graham Number,"Stable consumer businesses benefit from DCF for cash flow projection and CCA for market comparison. PTA and DDM offer additional perspectives, with Graham Number as a safety margin check.","WMT,TGT,KR","ASAI3,CRFB3,PCAR3"
4719,Other non-specialized retail sale,,,47,Retail trade,471,Non-specialized retail sale,4719,Other non-specialized retail sale,CCA,DCF / rDCF,PTA,SOTP,Graham Number,"Retail is highly comparable, favoring CCA and DCF. PTA and SOTP are useful for diversified retail, with Graham Number for intrinsic value assessment.","WMT,TGT,COST","MGLU3,AMER3,LREN3"
4721,Retail sale of food,,,47,Retail trade,472,"Retail sale of food, beverages and tobacco",4721,Retail sale of food,DCF / rDCF,CCA,PTA,DDM,Graham Number,"Stable consumer businesses benefit from DCF for cash flow projection and CCA for market comparison. PTA and DDM offer additional perspectives, with Graham Number as a safety margin check.","KR,SFM,WFM","ASAI3,CRFB3,PCAR3"
4722,Retail sale of beverages,,,47,Retail trade,472,"Retail sale of food, beverages and tobacco",4722,Retail sale of beverages,DCF / rDCF,CCA,PTA,DDM,Graham Number,"Stable consumer businesses benefit from DCF for cash flow projection and CCA for market comparison. PTA and DDM offer additional perspectives, with Graham Number as a safety margin check.","KO,MNST,PEP","ABEV3,CRFB3,JBSS3"
4723,Retail sale of tobacco products,,,47,Retail trade,472,"Retail sale of food, beverages and tobacco",4723,Retail sale of tobacco products,DCF / rDCF,CCA,PTA,DDM,Graham Number,"Stable consumer businesses benefit from DCF for cash flow projection and CCA for market comparison. PTA and DDM offer additional perspectives, with Graham Number as a safety margin check.","MO,PM,BTI","PHMO34,B1TI34,MOOO34"
4730,Retail sale of automotive fuel,,,47,Retail trade,473,Retail sale of automotive fuel,4730,Retail sale of automotive fuel,CCA,DCF / rDCF,PTA,SOTP,Graham Number,"Retail is highly comparable, favoring CCA and DCF. PTA and SOTP are useful for diversified retail, with Graham Number for intrinsic value assessment.","MPC,VLO,PSX","UGPA3,VBBR3,RAIZ4"
4740,Retail sale of information and communication equipment,,,47,Retail trade,474,Retail sale of information and communication equipment,4740,Retail sale of information and communication equipment,CCA,DCF / rDCF,PTA,SOTP,Graham Number,"Retail is highly comparable, favoring CCA and DCF. PTA and SOTP are useful for diversified retail, with Graham Number for intrinsic value assessment.","BBY,WMT,TSCO","LREN3,CEAB3,ARZZ3"
4751,Retail sale of textiles,,,47,Retail trade,475,Retail sale of other household equipment,4751,Retail sale of textiles,DCF / rDCF,CCA,PTA,DDM,Graham Number,"Stable consumer businesses benefit from DCF for cash flow projection and CCA for market comparison. PTA and DDM offer additional perspectives, with Graham Number as a safety margin check.","TJX,ROST,BURL","LREN3,CEAB3,GUAR3"
4752,"Retail sale of hardware, building materials, paints and glass",,,47,Retail trade,475,Retail sale of other household equipment,4752,"Retail sale of hardware, building materials, paints and glass",CCA,DCF / rDCF,PTA,SOTP,Graham Number,"Retail is highly comparable, favoring CCA and DCF. PTA and SOTP are useful for diversified retail, with Graham Number for intrinsic value assessment.","HD,LOW,TSCO","HGTX3,CEAB3,ARZZ3"
4753,"Retail sale of carpets, rugs, wall and floor coverings",,,47,Retail trade,475,Retail sale of other household equipment,4753,"Retail sale of carpets, rugs, wall and floor coverings",CCA,DCF / rDCF,PTA,SOTP,Graham Number,"Retail is highly comparable, favoring CCA and DCF. PTA and SOTP are useful for diversified retail, with Graham Number for intrinsic value assessment.","WSC,MHK,LL","GUAR3,LREN3,AMAR3"
4759,"Retail sale of electrical household appliances, furniture, lighting equipment and other household articles",,,47,Retail trade,475,Retail sale of other household equipment,4759,"Retail sale of electrical household appliances, furniture, lighting equipment and other household articles",CCA,DCF / rDCF,PTA,SOTP,Graham Number,"Retail is highly comparable, favoring CCA and DCF. PTA and SOTP are useful for diversified retail, with Graham Number for intrinsic value assessment.","BBY,WSH,WSM","LREN3,MGLU3,BHIA3"
4761,"Retail sale of books, newspapers, stationery and office supplies",,,47,Retail trade,476,Retail sale of cultural and recreational goods,4761,"Retail sale of books, newspapers, stationery and office supplies",CCA,DCF / rDCF,PTA,SOTP,Graham Number,"Retail is highly comparable, favoring CCA and DCF. PTA and SOTP are useful for diversified retail, with Graham Number for intrinsic value assessment.","BBY,ODP,BKSY","LREN3,CEAB3,GUAR3"
4762,Retail sale of sporting equipment,,,47,Retail trade,476,Retail sale of cultural and recreational goods,4762,Retail sale of sporting equipment,CCA,DCF / rDCF,PTA,SOTP,Graham Number,"Retail is highly comparable, favoring CCA and DCF. PTA and SOTP are useful for diversified retail, with Graham Number for intrinsic value assessment.","DKS,BGFV,ASO","CNTO3,ALPA4,VIVA3"
4763,Retail sale of games and toys,,,47,Retail trade,476,Retail sale of cultural and recreational goods,4763,Retail sale of games and toys,CCA,DCF / rDCF,PTA,SOTP,Graham Number,"Retail is highly comparable, favoring CCA and DCF. PTA and SOTP are useful for diversified retail, with Graham Number for intrinsic value assessment.","HAS,MAT,JAKK","BHIA3,AMER3,MGLU3"
4769,Retail sale of cultural and recreational goods n.e.c.,,,47,Retail trade,476,Retail sale of cultural and recreational goods,4769,Retail sale of cultural and recreational goods n.e.c.,CCA,DCF / rDCF,PTA,SOTP,Graham Number,"Retail is highly comparable, favoring CCA and DCF. PTA and SOTP are useful for diversified retail, with Graham Number for intrinsic value assessment.","MAT,HAS,GME","AMER3,LREN3,ARZZ3"
4771,"Retail sale of clothing, footwear and leather articles",,,47,Retail trade,477,"Retail sale of other goods, except motor vehicles and motorcycles",4771,"Retail sale of clothing, footwear and leather articles",CCA,DCF / rDCF,PTA,SOTP,Graham Number,"Retail is highly comparable, favoring CCA and DCF. PTA and SOTP are useful for diversified retail, with Graham Number for intrinsic value assessment.","TJX,ROST,BURL","LREN3,CEAB3,GUAR3"
4772,"Retail sale of pharmaceutical and medical goods, cosmetic and toilet articles",,,47,Retail trade,477,"Retail sale of other goods, except motor vehicles and motorcycles",4772,"Retail sale of pharmaceutical and medical goods, cosmetic and toilet articles",CCA,DCF / rDCF,PTA,SOTP,Graham Number,"Retail is highly comparable, favoring CCA and DCF. PTA and SOTP are useful for diversified retail, with Graham Number for intrinsic value assessment.","CVS,WBA,RAD","RADL3,PGMN3,PFRM3"
4773,Retail sale of other new goods n.e.c.,,,47,Retail trade,477,"Retail sale of other goods, except motor vehicles and motorcycles",4773,Retail sale of other new goods n.e.c.,CCA,DCF / rDCF,PTA,SOTP,Graham Number,"Retail is highly comparable, favoring CCA and DCF. PTA and SOTP are useful for diversified retail, with Graham Number for intrinsic value assessment.","FLWS,DKS,CHWY","LREN3,ARZZ3,CEAB3"
4774,Retail sale of second-hand goods,,,47,Retail trade,477,"Retail sale of other goods, except motor vehicles and motorcycles",4774,Retail sale of second-hand goods,CCA,DCF / rDCF,PTA,SOTP,Graham Number,"Retail is highly comparable, favoring CCA and DCF. PTA and SOTP are useful for diversified retail, with Graham Number for intrinsic value assessment.","EBAY,REAL,POSH","LREN3,CEAB3,AMAR3"
4781,Retail sale of motor vehicles,,,47,Retail trade,478,"Retail sale of motor vehicles, motorcycles and related parts and accessories",4781,Retail sale of motor vehicles,CCA,DCF / rDCF,PTA,SOTP,Graham Number,"Retail is highly comparable, favoring CCA and DCF. PTA and SOTP are useful for diversified retail, with Graham Number for intrinsic value assessment.","KMX,AN,ABG","RENT3,MOVI3,VAMO3"
4782,Retail sale of motor vehicle parts and accessories,,,47,Retail trade,478,"Retail sale of motor vehicles, motorcycles and related parts and accessories",4782,Retail sale of motor vehicle parts and accessories,CCA,DCF / rDCF,PTA,SOTP,Graham Number,"Retail is highly comparable, favoring CCA and DCF. PTA and SOTP are useful for diversified retail, with Graham Number for intrinsic value assessment.","AZO,ORLY,AAP","MYPK3,MYPK4,LEVE3"
4783,"Retail sale of motorcycles, motorcycles parts and accessories",,,47,Retail trade,478,"Retail sale of motor vehicles, motorcycles and related parts and accessories",4783,"Retail sale of motorcycles, motorcycles parts and accessories",CCA,DCF / rDCF,PTA,SOTP,Graham Number,"Retail is highly comparable, favoring CCA and DCF. PTA and SOTP are useful for diversified retail, with Graham Number for intrinsic value assessment.","HOG,RUM,CVNA","CRFB3,ASAI3,PCAR3"
4790,Intermediation service activities for retail sale,,,47,Retail trade,479,Intermediation service activities for retail sale,4790,Intermediation service activities for retail sale,CCA,DCF / rDCF,PTA,SOTP,Graham Number,"Retail is highly comparable, favoring CCA and DCF. PTA and SOTP are useful for diversified retail, with Graham Number for intrinsic value assessment.","AMZN,EBAY,ETSY","MGLU3,LREN3,AMER3"
4911,"Passenger rail transport, interurban",,,49,Land transport and transport via pipelines,491,Transport via railways,4911,"Passenger rail transport, interurban",DCF / rDCF,CCA,PTA,Replacement Value,Graham Number,"Industrials benefit from DCF for cash flow projection and CCA for market comparison. PTA and Replacement Value are useful for asset-heavy industries, with Graham Number for intrinsic value assessment.","UNP,NSC,CSX","RAIL3,VLID3,STBP3"
4912,Freight rail transport,,,49,Land transport and transport via pipelines,491,Transport via railways,4912,Freight rail transport,DCF / rDCF,CCA,PTA,Replacement Value,Graham Number,"Industrials benefit from DCF for cash flow projection and CCA for market comparison. PTA and Replacement Value are useful for asset-heavy industries, with Graham Number for intrinsic value assessment.","UNP,NSC,CSX","RAIL3,SIMH3,VAMO3"
4921,Urban and suburban passenger land transport,,,49,Land transport and transport via pipelines,492,Other land transport,4921,Urban and suburban passenger land transport,DCF / rDCF,CCA,PTA,Replacement Value,Graham Number,"Industrials benefit from DCF for cash flow projection and CCA for market comparison. PTA and Replacement Value are useful for asset-heavy industries, with Graham Number for intrinsic value assessment.","UBER,LYFT,DASH","RAIL3,TGMA3,JSLG3"
4922,Other passenger land transport,,,49,Land transport and transport via pipelines,492,Other land transport,4922,Other passenger land transport,DCF / rDCF,CCA,PTA,Replacement Value,Graham Number,"Industrials benefit from DCF for cash flow projection and CCA for market comparison. PTA and Replacement Value are useful for asset-heavy industries, with Graham Number for intrinsic value assessment.","JBLU,ALGT,SAVE","TGMA3,JSLG3,SIMH3"
4923,Freight transport by road,,,49,Land transport and transport via pipelines,492,Other land transport,4923,Freight transport by road,DCF / rDCF,CCA,PTA,Replacement Value,Graham Number,"Industrials benefit from DCF for cash flow projection and CCA for market comparison. PTA and Replacement Value are useful for asset-heavy industries, with Graham Number for intrinsic value assessment.","JBHT,LSTR,SAIA","JSLG3,TGMA3,LOGN3"
4930,Transport via pipeline,,,49,Land transport and transport via pipelines,493,Transport via pipeline,4930,Transport via pipeline,DCF / rDCF,CCA,PTA,Replacement Value,Graham Number,"Industrials benefit from DCF for cash flow projection and CCA for market comparison. PTA and Replacement Value are useful for asset-heavy industries, with Graham Number for intrinsic value assessment.","EPD,ET,MPLX","RAIL3,CCRO3,TPIS3"
5011,Sea and coastal passenger water transport,,,50,Water transport,501,Sea and coastal water transport,5011,Sea and coastal passenger water transport,DCF / rDCF,CCA,PTA,DDM,Graham Number,"General business activities, standard valuation methods applied.","CCL,RCL,NCLH","LOGN3,STBP3,PORT3"
5012,Sea and coastal freight water transport,,,50,Water transport,501,Sea and coastal water transport,5012,Sea and coastal freight water transport,DCF / rDCF,CCA,PTA,DDM,Graham Number,"General business activities, standard valuation methods applied.","MATX,OSG,KEX","LOGN3,PORT3,STBP3"
5021,Inland passenger water transport,,,50,Water transport,502,Inland water transport,5021,Inland passenger water transport,DCF / rDCF,CCA,PTA,DDM,Graham Number,"General business activities, standard valuation methods applied.","VIK,LIND,KEX","LOGN3,PORT3,STBP3"
5022,Inland freight water transport,,,50,Water transport,502,Inland water transport,5022,Inland freight water transport,DCF / rDCF,CCA,PTA,DDM,Graham Number,"General business activities, standard valuation methods applied.","KIRB,MATX,ALCO","LOGN3,STBP3,PORT3"
5110,Passenger air transport,,,51,Air transport,511,Passenger air transport,5110,Passenger air transport,DCF / rDCF,CCA,PTA,DDM,Graham Number,"General business activities, standard valuation methods applied.","DAL,UAL,AAL","AZUL4,GOLL4,LATM3"
5120,Freight air transport,,,51,Air transport,512,Freight air transport,5120,Freight air transport,DCF / rDCF,CCA,PTA,DDM,Graham Number,"General business activities, standard valuation methods applied.","FDX,UPS,ATSG","AZUL4,LOGN3,STBP3"
5210,Warehousing and storage,,,52,Warehousing and support activities for transportation,521,Warehousing and storage,5210,Warehousing and storage,DCF / rDCF,CCA,PTA,DDM,Graham Number,"General business activities, standard valuation methods applied.","PSA,EXR,CUBE","LOGN3,STBP3,PORT3"
5221,Service activities incidental to land transportation,,,52,Warehousing and support activities for transportation,522,Support activities for transportation,5221,Service activities incidental to land transportation,DCF / rDCF,CCA,PTA,DDM,Graham Number,"General business activities, standard valuation methods applied.","UNP,NSC,CSX","JSLG3,ECOR3,STBP3"
5222,Service activities incidental to water transportation,,,52,Warehousing and support activities for transportation,522,Support activities for transportation,5222,Service activities incidental to water transportation,DCF / rDCF,CCA,PTA,DDM,Graham Number,"General business activities, standard valuation methods applied.","KEX,MATX,TRTN","STBP3,LOGN3,RAIL3"
5223,Service activities incidental to air transportation,,,52,Warehousing and support activities for transportation,522,Support activities for transportation,5223,Service activities incidental to air transportation,DCF / rDCF,CCA,PTA,DDM,Graham Number,"General business activities, standard valuation methods applied.","AAL,DAL,UAL","AZUL4,GOLL4,TOTS3"
5224,Cargo handling,,,52,Warehousing and support activities for transportation,522,Support activities for transportation,5224,Cargo handling,DCF / rDCF,CCA,PTA,DDM,Graham Number,"General business activities, standard valuation methods applied.","GXO,HUBG,STG","STBP3,LOGN3,PORT3"
5229,Other support activities for transportation,,,52,Warehousing and support activities for transportation,522,Support activities for transportation,5229,Other support activities for transportation,DCF / rDCF,CCA,PTA,DDM,Graham Number,"General business activities, standard valuation methods applied.","CHRW,EXPD,HUBG","SIMH3,JSLG3,STBP3"
5231,Intermediation service activities for freight transportation,,,52,Warehousing and support activities for transportation,523,Intermediation service activities for transportation,5231,Intermediation service activities for freight transportation,DCF / rDCF,CCA,PTA,DDM,Graham Number,"General business activities, standard valuation methods applied.","CHRW,EXPD,GXO","JSLG3,SIMH3,TGMA3"
5232,Intermediation service activities for passenger transportation,,,52,Warehousing and support activities for transportation,523,Intermediation service activities for transportation,5232,Intermediation service activities for passenger transportation,DCF / rDCF,CCA,PTA,DDM,Graham Number,"General business activities, standard valuation methods applied.","BKNG,EXPE,TRIP","CVCB3,GOLL4,AZUL4"
5310,Postal activities,,,53,Postal and courier activities,531,Postal activities,5310,Postal activities,DCF / rDCF,CCA,PTA,DDM,Graham Number,"General business activities, standard valuation methods applied.","UPS,FDX,EXPD","LOGG3,LOGN3,TGMA3"
5320,Courier activities,,,53,Postal and courier activities,532,Courier activities,5320,Courier activities,DCF / rDCF,CCA,PTA,DDM,Graham Number,"General business activities, standard valuation methods applied.","FDX,UPS,EXPD","JSLG3,LOGN3,TGMA3"
5330,Intermediation service activities for postal and courier activities,,,53,Postal and courier activities,533,Intermediation service activities for postal and courier activities,5330,Intermediation service activities for postal and courier activities,DCF / rDCF,CCA,PTA,DDM,Graham Number,"General business activities, standard valuation methods applied.","CHRW,RXO,ECHO","AZUL4,ECOR3,STBP3"
5510,Hotels and similar accommodation activities,,,55,Accommodation,551,Hotels and similar accommodation activities,5510,Hotels and similar accommodation activities,DCF / rDCF,CCA,PTA,DDM,Graham Number,"General business activities, standard valuation methods applied.","MAR,HLT,H","BHIA3,HBSA3,RENT3"
5520,Other short term accommodation activities,,,55,Accommodation,552,Other short term accommodation activities,5520,Other short term accommodation activities,DCF / rDCF,CCA,PTA,DDM,Graham Number,"General business activities, standard valuation methods applied.","ABNB,BKNG,EXPE","EZTC3,TRIS3,LAVV3"
5530,"Camping grounds, recreational vehicle parks and trailer parks",,,55,Accommodation,553,"Camping grounds, recreational vehicle parks and trailer parks",5530,"Camping grounds, recreational vehicle parks and trailer parks",DCF / rDCF,CCA,PTA,DDM,Graham Number,"General business activities, standard valuation methods applied.","ELS,CWH,SUN","CVCB3,RENT3,MOVI3"
5540,Intermediation service activities for accommodation,,,55,Accommodation,554,Intermediation service activities for accommodation,5540,Intermediation service activities for accommodation,DCF / rDCF,CCA,PTA,DDM,Graham Number,"General business activities, standard valuation methods applied.","ABNB,BKNG,EXPE","AZUL4,GOLL4,CVCB3"
5590,Other accommodation n.e.c.,,,55,Accommodation,559,Other accommodation n.e.c.,5590,Other accommodation n.e.c.,DCF / rDCF,CCA,PTA,DDM,Graham Number,"General business activities, standard valuation methods applied.","CHH,ACC,MAR","HAPV3,RDOR3,AALR3"
5610,Restaurants and mobile food service activities,,,56,Food and beverage service activities,561,Restaurants and mobile food service activities,5610,Restaurants and mobile food service activities,DCF / rDCF,CCA,PTA,DDM,Graham Number,"Stable consumer businesses benefit from DCF for cash flow projection and CCA for market comparison. PTA and DDM offer additional perspectives, with Graham Number as a safety margin check.","CMG,DRI,TXRH","ZAMP3,ARZZ3,ALPA4"
5621,Event catering activities,,,56,Food and beverage service activities,562,Event catering and other food service activities,5621,Event catering activities,DCF / rDCF,CCA,PTA,DDM,Graham Number,"General business activities, standard valuation methods applied.","ARM,SYY,BTBD","MEAL3,GPSI3,SULA3"
5629,Other food service activities,,,56,Food and beverage service activities,562,Event catering and other food service activities,5629,Other food service activities,DCF / rDCF,CCA,PTA,DDM,Graham Number,"Stable consumer businesses benefit from DCF for cash flow projection and CCA for market comparison. PTA and DDM offer additional perspectives, with Graham Number as a safety margin check.","ARM,SYY,DRI","ZAMP3,MEAL3,BKBR3"
5630,Beverage serving activities,,,56,Food and beverage service activities,563,Beverage serving activities,5630,Beverage serving activities,DCF / rDCF,CCA,PTA,DDM,Graham Number,"General business activities, standard valuation methods applied.","STZ,TAP,SAM","ZAMP3,BKBR3,RAIZ4"
5640,Intermediation service activities for food and beverage services activities,,,56,Food and beverage service activities,564,Intermediation service activities for food and beverage services activities,5640,Intermediation service activities for food and beverage services activities,DCF / rDCF,CCA,PTA,DDM,Graham Number,"Stable consumer businesses benefit from DCF for cash flow projection and CCA for market comparison. PTA and DDM offer additional perspectives, with Graham Number as a safety margin check.","SYY,USFD,CHEF","ZAMP3,IFCM3,BKBR3"
5811,Publishing of books,,,58,Publishing activities,581,"Publishing of books, newspapers, periodicals and other publishing activities",5811,Publishing of books,CCA,DCF / rDCF,Rule of 40,PTA,Real Options,"Technology companies are often valued by market multiples (CCA) and future cash flows (DCF). Rule of 40 and PTA provide growth and profitability insights, with Real Options for innovation potential.","SCHL,NWSA,NYT","COGN3,YDUQ3,LWSA3"
5812,Publishing of newspapers,,,58,Publishing activities,581,"Publishing of books, newspapers, periodicals and other publishing activities",5812,Publishing of newspapers,CCA,DCF / rDCF,Rule of 40,PTA,Real Options,"Technology companies are often valued by market multiples (CCA) and future cash flows (DCF). Rule of 40 and PTA provide growth and profitability insights, with Real Options for innovation potential.","NYT,DJI,GCI","TOTS3,LWSA3,TIMS3"
5813,Publishing of journals and periodicals,,,58,Publishing activities,581,"Publishing of books, newspapers, periodicals and other publishing activities",5813,Publishing of journals and periodicals,CCA,DCF / rDCF,Rule of 40,PTA,Real Options,"Technology companies are often valued by market multiples (CCA) and future cash flows (DCF). Rule of 40 and PTA provide growth and profitability insights, with Real Options for innovation potential.","NYT,DJ,MCO","TOTS3,LWSA3,TIMS3"
5819,Other publishing activities,,,58,Publishing activities,581,"Publishing of books, newspapers, periodicals and other publishing activities",5819,Other publishing activities,CCA,DCF / rDCF,Rule of 40,PTA,Real Options,"Technology companies are often valued by market multiples (CCA) and future cash flows (DCF). Rule of 40 and PTA provide growth and profitability insights, with Real Options for innovation potential.","NYT,SCHL,QNST","TOTS3,LWSA3,CASH3"
5821,Publishing of video games,,,58,Publishing activities,582,Software publishing,5821,Publishing of video games,CCA,DCF / rDCF,Rule of 40,PTA,Real Options,"Technology companies are often valued by market multiples (CCA) and future cash flows (DCF). Rule of 40 and PTA provide growth and profitability insights, with Real Options for innovation potential.","EA,MSFT,TTWO","TOTS3,LWSA3,CASH3"
5829,Other software publishing,,,58,Publishing activities,582,Software publishing,5829,Other software publishing,CCA,DCF / rDCF,Rule of 40,PTA,Real Options,"Technology companies are often valued by market multiples (CCA) and future cash flows (DCF). Rule of 40 and PTA provide growth and profitability insights, with Real Options for innovation potential.","ADBE,ORCL,MSFT","TOTS3,LWSA3,INTB3"
5911,"Motion picture, video and television programme production activities",,,59,"Motion picture, video and television programme production, sound recording and music publishing activities",591,"Motion picture, video and television programme activities",5911,"Motion picture, video and television programme production activities",DCF / rDCF,CCA,PTA,DDM,Graham Number,"General business activities, standard valuation methods applied.","NFLX,WBD,PARA","NFLX34,DISB34,TIMS3"
5912,"Motion picture, video and television programme post-production activities",,,59,"Motion picture, video and television programme production, sound recording and music publishing activities",591,"Motion picture, video and television programme activities",5912,"Motion picture, video and television programme post-production activities",DCF / rDCF,CCA,PTA,DDM,Graham Number,"General business activities, standard valuation methods applied.","PTSXQ,EMPM,IMBIQ","VIVT3,TIMS3,TOTS3"
5913,"Motion picture, video and television programme distribution activities",,,59,"Motion picture, video and television programme production, sound recording and music publishing activities",591,"Motion picture, video and television programme activities",5913,"Motion picture, video and television programme distribution activities",DCF / rDCF,CCA,PTA,DDM,Graham Number,"General business activities, standard valuation methods applied.","WBD,PARA,LGF.A","G2UA34,NFLX34,DISB34"
5914,Motion picture projection activities,,,59,"Motion picture, video and television programme production, sound recording and music publishing activities",591,"Motion picture, video and television programme activities",5914,Motion picture projection activities,DCF / rDCF,CCA,PTA,DDM,Graham Number,"General business activities, standard valuation methods applied.","AMC,CNK,IMAX","SHOW3,SMFT3,CVCB3"
5920,Sound recording and music publishing activities,,,59,"Motion picture, video and television programme production, sound recording and music publishing activities",592,Sound recording and music publishing activities,5920,Sound recording and music publishing activities,DCF / rDCF,CCA,PTA,DDM,Graham Number,"General business activities, standard valuation methods applied.","WMG,SONY,UMG","SHOW3,VIVT3,TIMS3"
6010,Radio broadcasting and audio distribution activities,,,60,"Programming, broadcasting, news agency and other content distribution activities",601,Radio broadcasting and audio distribution activities,6010,Radio broadcasting and audio distribution activities,DCF / rDCF,CCA,PTA,DDM,Graham Number,"General business activities, standard valuation methods applied.","SIRI,SPOT,WMG","VIVT3,TIMS3,LWSA3"
6020,"Television programming, broadcasting and video distribution activities",,,60,"Programming, broadcasting, news agency and other content distribution activities",602,"Television programming, broadcasting and video distribution activities",6020,"Television programming, broadcasting and video distribution activities",DCF / rDCF,CCA,PTA,DDM,Graham Number,"General business activities, standard valuation methods applied.","NFLX,DIS,WBD","VIVT3,TIMS3,LWSA3"
6031,News agency activities,,,60,"Programming, broadcasting, news agency and other content distribution activities",603,News agency and other content distribution activities,6031,News agency activities,DCF / rDCF,CCA,PTA,DDM,Graham Number,"General business activities, standard valuation methods applied.","NWSA,NYT,LEE","VIVT3,TIMS3,LWSA3"
6039,Social network sites and other content distribution activities,,,60,"Programming, broadcasting, news agency and other content distribution activities",603,News agency and other content distribution activities,6039,Social network sites and other content distribution activities,DCF / rDCF,CCA,PTA,DDM,Graham Number,"General business activities, standard valuation methods applied.","META,PINS,SNAP","LWSA3,MGLU3,MELI34"
6110,"Wired, wireless, and satellite telecommunication activities",,,61,Telecommunications,611,"Wired, wireless, and satellite telecommunication activities",6110,"Wired, wireless, and satellite telecommunication activities",DCF / rDCF,CCA,PTA,DDM,Graham Number,"General business activities, standard valuation methods applied.","TMUS,VZ,T","VIVT3,TIMS3,TELB4"
6120,Telecommunication reselling activities and intermediation service activities for telecommunication,,,61,Telecommunications,612,Telecommunication reselling activities and intermediation service activities for telecommunication,6120,Telecommunication reselling activities and intermediation service activities for telecommunication,DCF / rDCF,CCA,PTA,DDM,Graham Number,"General business activities, standard valuation methods applied.","IDT,GTT,VZ","VIVT3,TIMS3,TELB4"
6190,Other telecommunication activities,,,61,Telecommunications,619,Other telecommunication activities,6190,Other telecommunication activities,DCF / rDCF,CCA,PTA,DDM,Graham Number,"General business activities, standard valuation methods applied.","TMUS,VZ,T","VIVT3,TIMS3,TELB4"
6211,"Development of video games, video game software, and video game software tools",,,62,"Computer programming, consultancy and related activities",621,Computer programming activities,6211,"Development of video games, video game software, and video game software tools",CCA,DCF / rDCF,Rule of 40,PTA,Real Options,"Technology companies are often valued by market multiples (CCA) and future cash flows (DCF). Rule of 40 and PTA provide growth and profitability insights, with Real Options for innovation potential.","MSFT,EA,TTWO","TOTS3,LWSA3,BMOB3"
6219,Other computer programming activities,,,62,"Computer programming, consultancy and related activities",621,Computer programming activities,6219,Other computer programming activities,CCA,DCF / rDCF,Rule of 40,PTA,Real Options,"Technology companies are often valued by market multiples (CCA) and future cash flows (DCF). Rule of 40 and PTA provide growth and profitability insights, with Real Options for innovation potential.","ADBE,CRM,ORCL","LWSA3,TOTS3,POSI3"
6220,Computer consultancy and computer facilities management activities,,,62,"Computer programming, consultancy and related activities",622,Computer consultancy and computer facilities management activities,6220,Computer consultancy and computer facilities management activities,CCA,DCF / rDCF,Rule of 40,PTA,Real Options,"Technology companies are often valued by market multiples (CCA) and future cash flows (DCF). Rule of 40 and PTA provide growth and profitability insights, with Real Options for innovation potential.","ACN,CTSH,EPAM","LWSA3,TOTS3,INTB3"
6290,Other information technology and computer service activities,,,62,"Computer programming, consultancy and related activities",629,Other information technology and computer service activities,6290,Other information technology and computer service activities,CCA,DCF / rDCF,Rule of 40,PTA,Real Options,"Technology companies are often valued by market multiples (CCA) and future cash flows (DCF). Rule of 40 and PTA provide growth and profitability insights, with Real Options for innovation potential.","EPAM,GLOB,CACI","TOTS3,LWSA3,CIEL3"
6310,"Computing infrastructure, data processing, hosting and related activities",,,63,"Computing infrastructure, data processing, hosting, and other information service activities",631,"Computing infrastructure, data processing, hosting and related activities",6310,"Computing infrastructure, data processing, hosting and related activities",CCA,DCF / rDCF,Rule of 40,PTA,Real Options,"Technology companies are often valued by market multiples (CCA) and future cash flows (DCF). Rule of 40 and PTA provide growth and profitability insights, with Real Options for innovation potential.","EQIX,DLR,IRM","LWSA3,TOTS3,CASH3"
6390,Web search portals activities and other information service activities,,,63,"Computing infrastructure, data processing, hosting, and other information service activities",639,Web search portals activities and other information service activities,6390,Web search portals activities and other information service activities,CCA,DCF / rDCF,Rule of 40,PTA,Real Options,"Technology companies are often valued by market multiples (CCA) and future cash flows (DCF). Rule of 40 and PTA provide growth and profitability insights, with Real Options for innovation potential.","GOOGL,META,YELP","LWSA3,BMOB3,CASH3"
6411,Central banking,,,64,"Financial service activities, except insurance and pension funding",641,Monetary intermediation,6411,Central banking,RIM,CCA,DDM,PTA,DCF / rDCF,"Financial institutions often valued using income-based methods like RIM and DDM, complemented by market multiples (CCA) and sensitivity to DCF.","JPM,BAC,C","BBAS3,ITUB4,BBDC4"
6419,Other monetary intermediation,,,64,"Financial service activities, except insurance and pension funding",641,Monetary intermediation,6419,Other monetary intermediation,RIM,CCA,DDM,PTA,DCF / rDCF,"Financial institutions often valued using income-based methods like RIM and DDM, complemented by market multiples (CCA) and sensitivity to DCF.","ALLY,DFS,COF","ITUB4,BBAS3,BBDC4"
6421,Activities of holding companies,,,64,"Financial service activities, except insurance and pension funding",642,Activities of holding companies and financing conduits,6421,Activities of holding companies,RIM,CCA,DDM,PTA,DCF / rDCF,"Financial institutions often valued using income-based methods like RIM and DDM, complemented by market multiples (CCA) and sensitivity to DCF.","BX,KKR,BRK.B","ITSA4,BRAP4,CXSE3"
6422,Activities of financing conduits,,,64,"Financial service activities, except insurance and pension funding",642,Activities of holding companies and financing conduits,6422,Activities of financing conduits,RIM,CCA,DDM,PTA,DCF / rDCF,"Financial institutions often valued using income-based methods like RIM and DDM, complemented by market multiples (CCA) and sensitivity to DCF.","BX,KKR,STT","ITUB4,BBDC4,SANB11"
6431,Activities of money market funds,,,64,"Financial service activities, except insurance and pension funding",643,"Activities of trusts, funds and similar financial entities",6431,Activities of money market funds,RIM,CCA,DDM,PTA,DCF / rDCF,"Financial institutions often valued using income-based methods like RIM and DDM, complemented by market multiples (CCA) and sensitivity to DCF.","BLK,STT,IVZ","BBAS3,ITUB4,BBDC4"
6432,Activities of non-money market investments funds,,,64,"Financial service activities, except insurance and pension funding",643,"Activities of trusts, funds and similar financial entities",6432,Activities of non-money market investments funds,RIM,CCA,DDM,PTA,DCF / rDCF,"Financial institutions often valued using income-based methods like RIM and DDM, complemented by market multiples (CCA) and sensitivity to DCF.","BEN,APAM,VCTR","XPBR31,BPAC11,BRBI11"
6433,"Activities of trust, estate and agency accounts",,,64,"Financial service activities, except insurance and pension funding",643,"Activities of trusts, funds and similar financial entities",6433,"Activities of trust, estate and agency accounts",RIM,CCA,DDM,PTA,DCF / rDCF,"Financial institutions often valued using income-based methods like RIM and DDM, complemented by market multiples (CCA) and sensitivity to DCF.","BK,STT,NTRS","ITUB4,BBDC4,BBAS3"
6491,Financial leasing activities,,,64,"Financial service activities, except insurance and pension funding",649,"Other financial service activities, except insurance and pension funding activities",6491,Financial leasing activities,RIM,CCA,DDM,PTA,DCF / rDCF,"Financial institutions often valued using income-based methods like RIM and DDM, complemented by market multiples (CCA) and sensitivity to DCF.","ALLY,DFS,COF","ITUB4,BBDC4,BBAS3"
6492,International trade financing activities,,,64,"Financial service activities, except insurance and pension funding",649,"Other financial service activities, except insurance and pension funding activities",6492,International trade financing activities,RIM,CCA,DDM,PTA,DCF / rDCF,"Financial institutions often valued using income-based methods like RIM and DDM, complemented by market multiples (CCA) and sensitivity to DCF.","JPM,BAC,C","BBAS3,SANB3,ITUB4"
6493,Factoring activities,,,64,"Financial service activities, except insurance and pension funding",649,"Other financial service activities, except insurance and pension funding activities",6493,Factoring activities,RIM,CCA,DDM,PTA,DCF / rDCF,"Financial institutions often valued using income-based methods like RIM and DDM, complemented by market multiples (CCA) and sensitivity to DCF.","PFSI,PRU,WFC","ITUB4,BBDC4,SANB11"
6494,Securitisation activities,,,64,"Financial service activities, except insurance and pension funding",649,"Other financial service activities, except insurance and pension funding activities",6494,Securitisation activities,RIM,CCA,DDM,PTA,DCF / rDCF,"Financial institutions often valued using income-based methods like RIM and DDM, complemented by market multiples (CCA) and sensitivity to DCF.","BK,SLM,OCSL","ITUB4,BBDC4,SANB11"
6495,Other credit granting activities,,,64,"Financial service activities, except insurance and pension funding",649,"Other financial service activities, except insurance and pension funding activities",6495,Other credit granting activities,RIM,CCA,DDM,PTA,DCF / rDCF,"Financial institutions often valued using income-based methods like RIM and DDM, complemented by market multiples (CCA) and sensitivity to DCF.","AFL,SLM,OMF","BPAN4,CXSE3,BBDC4"
6499,"Other financial service activities n.e.c., except insurance and pension funding activities",,,64,"Financial service activities, except insurance and pension funding",649,"Other financial service activities, except insurance and pension funding activities",6499,"Other financial service activities n.e.c., except insurance and pension funding activities",RIM,CCA,DDM,PTA,DCF / rDCF,"Financial institutions often valued using income-based methods like RIM and DDM, complemented by market multiples (CCA) and sensitivity to DCF.","GS,MS,JPM","BPAC11,BRBI11,BMGB4"
6511,Life insurance,,,65,"Insurance, reinsurance and pension funding, except compulsory social security",651,Insurance,6511,Life insurance,RIM,CCA,DDM,PTA,DCF / rDCF,"Financial institutions often valued using income-based methods like RIM and DDM, complemented by market multiples (CCA) and sensitivity to DCF.","AFL,MET,PRU","BBSE3,CXSE3,PSSA3"
6512,Non-life insurance,,,65,"Insurance, reinsurance and pension funding, except compulsory social security",651,Insurance,6512,Non-life insurance,RIM,CCA,DDM,PTA,DCF / rDCF,"Financial institutions often valued using income-based methods like RIM and DDM, complemented by market multiples (CCA) and sensitivity to DCF.","ALL,PGR,TRV","BBSE3,PSSA3,CXSE3"
6520,Reinsurance,,,65,"Insurance, reinsurance and pension funding, except compulsory social security",652,Reinsurance,6520,Reinsurance,RIM,CCA,DDM,PTA,DCF / rDCF,"Financial institutions often valued using income-based methods like RIM and DDM, complemented by market multiples (CCA) and sensitivity to DCF.","RE,RNR,GLRE","IRBR3,BBSE3,PSSA3"
6530,Pension funding,,,65,"Insurance, reinsurance and pension funding, except compulsory social security",653,Pension funding,6530,Pension funding,RIM,CCA,DDM,PTA,DCF / rDCF,"Financial institutions often valued using income-based methods like RIM and DDM, complemented by market multiples (CCA) and sensitivity to DCF.","MET,PRU,PFG","BBAS3,ITUB4,BBDC4"
6611,Administration of financial markets,,,66,Activities auxiliary to financial service and insurance activities,661,"Activities auxiliary to financial services, except insurance and pension funding",6611,Administration of financial markets,RIM,CCA,DDM,PTA,DCF / rDCF,"Financial institutions often valued using income-based methods like RIM and DDM, complemented by market multiples (CCA) and sensitivity to DCF.","ICE,NDAQ,CBOE","B3SA3,BRPR3,ATED3"
6612,Security and commodity contracts brokerage,,,66,Activities auxiliary to financial service and insurance activities,661,"Activities auxiliary to financial services, except insurance and pension funding",6612,Security and commodity contracts brokerage,RIM,CCA,DDM,PTA,DCF / rDCF,"Financial institutions often valued using income-based methods like RIM and DDM, complemented by market multiples (CCA) and sensitivity to DCF.","SCHW,IBKR,RJF","XPBR31,BPAC11,MODL11"
6619,"Other activities auxiliary to financial service activities, except insurance and pension funding",,,66,Activities auxiliary to financial service and insurance activities,661,"Activities auxiliary to financial services, except insurance and pension funding",6619,"Other activities auxiliary to financial service activities, except insurance and pension funding",RIM,CCA,DDM,PTA,DCF / rDCF,"Financial institutions often valued using income-based methods like RIM and DDM, complemented by market multiples (CCA) and sensitivity to DCF.","MCO,SPGI,FDS","BRBI11,BPAC11,B3SA3"
6621,Risk and damage evaluation,,,66,Activities auxiliary to financial service and insurance activities,662,Activities auxiliary to insurance and pension funding,6621,Risk and damage evaluation,RIM,CCA,DDM,PTA,DCF / rDCF,"Financial institutions often valued using income-based methods like RIM and DDM, complemented by market multiples (CCA) and sensitivity to DCF.","AON,AJG,MMC","BBSE3,CXSE3,PSSA3"
6622,Activities of insurance agents and brokers,,,66,Activities auxiliary to financial service and insurance activities,662,Activities auxiliary to insurance and pension funding,6622,Activities of insurance agents and brokers,RIM,CCA,DDM,PTA,DCF / rDCF,"Financial institutions often valued using income-based methods like RIM and DDM, complemented by market multiples (CCA) and sensitivity to DCF.","MMC,AON,AJG","WIZC3,BBSE3,CXSE3"
6629,Other activities auxiliary to insurance and pension funding,,,66,Activities auxiliary to financial service and insurance activities,662,Activities auxiliary to insurance and pension funding,6629,Other activities auxiliary to insurance and pension funding,RIM,CCA,DDM,PTA,DCF / rDCF,"Financial institutions often valued using income-based methods like RIM and DDM, complemented by market multiples (CCA) and sensitivity to DCF.","AJG,BRO,WTW","BBSE3,CXSE3,WIZC3"
6630,Fund management activities,,,66,Activities auxiliary to financial service and insurance activities,663,Fund management activities,6630,Fund management activities,RIM,CCA,DDM,PTA,DCF / rDCF,"Financial institutions often valued using income-based methods like RIM and DDM, complemented by market multiples (CCA) and sensitivity to DCF.","BLK,TROW,BEN","BPAC11,XPBR31,BTGP11"
6810,Real estate activities with own or leased property,,,68,Real estate activities,681,Real estate activities with own or leased property,6810,Real estate activities with own or leased property,NAV / EV-DACF,CCA,DCF / rDCF,PTA,DDM,"Real estate is valued by asset-based methods (NAV/EV-DACF) and market multiples (CCA). DCF and PTA offer cash flow and asset-based views, with DDM for dividend-paying properties.","PSA,EXR,CUBE","ALOS3,IGTI11,MULT3"
6821,Intermediation service activities for real estate,,,68,Real estate activities,682,Real estate activities on a fee or contract basis,6821,Intermediation service activities for real estate,NAV / EV-DACF,CCA,DCF / rDCF,PTA,DDM,"Real estate is valued by asset-based methods (NAV/EV-DACF) and market multiples (CCA). DCF and PTA offer cash flow and asset-based views, with DDM for dividend-paying properties.","CBRE,JLL,CIGI","LPSB3,ALOS3,SYNE3"
6829,Other real estate activities on a fee or contract basis,,,68,Real estate activities,682,Real estate activities on a fee or contract basis,6829,Other real estate activities on a fee or contract basis,NAV / EV-DACF,CCA,DCF / rDCF,PTA,DDM,"Real estate is valued by asset-based methods (NAV/EV-DACF) and market multiples (CCA). DCF and PTA offer cash flow and asset-based views, with DDM for dividend-paying properties.","CBRE,JLL,CWK","ALOS3,IGTI11,LOGG3"
6910,Legal activities,,,69,Legal and accounting activities,691,Legal activities,6910,Legal activities,DCF / rDCF,CCA,PTA,DDM,Graham Number,"General business activities, standard valuation methods applied.","LAZ,EQIX,KNSL","TOTS3,LWSA3,RENT3"
6920,"Accounting, bookkeeping and auditing activities; tax consultancy",,,69,Legal and accounting activities,692,"Accounting, bookkeeping and auditing activities; tax consultancy",6920,"Accounting, bookkeeping and auditing activities; tax consultancy",DCF / rDCF,CCA,PTA,DDM,Graham Number,"General business activities, standard valuation methods applied.","HRB,PAYX,ADP","PWC3,BBDC4,ITUB4"
7010,Activities of head offices,,,70,Activities of head offices; management consultancy activities,701,Activities of head offices,7010,Activities of head offices,SOTP,CCA,DCF / rDCF,PTA,Real Options,"Conglomerates are best valued using Sum-of-the-Parts (SOTP) and market multiples (CCA). DCF and PTA provide fundamental views, with Real Options for strategic flexibility.","GE,DHR,HON","ITSA4,BBAS3,BRSR6"
7020,Business and other management consultancy activities,,,70,Activities of head offices; management consultancy activities,702,Business and other management consultancy activities,7020,Business and other management consultancy activities,SOTP,CCA,DCF / rDCF,PTA,Real Options,"Conglomerates are best valued using Sum-of-the-Parts (SOTP) and market multiples (CCA). DCF and PTA provide fundamental views, with Real Options for strategic flexibility.","FCN,BAH,KBR","STBP3,PSSA3,BBAS3"
7110,"Architectural and engineering, and related technical consultancy activities",,,71,Architectural and engineering activities; technical testing and analysis,711,"Architectural and engineering, and related technical consultancy activities",7110,"Architectural and engineering, and related technical consultancy activities",DCF / rDCF,CCA,PTA,DDM,Graham Number,"General business activities, standard valuation methods applied.","AECOM,TME,J","TOTS3,GGPS3,SBFG3"
7120,Technical testing and analysis,,,71,Architectural and engineering activities; technical testing and analysis,712,Technical testing and analysis,7120,Technical testing and analysis,DCF / rDCF,CCA,PTA,DDM,Graham Number,"General business activities, standard valuation methods applied.","TMO,KEYS,STC","AALR3,QUAL3,PARD3"
7210,Research and experimental development on natural sciences and engineering,,,72,Scientific research and development,721,Research and experimental development on natural sciences and engineering,7210,Research and experimental development on natural sciences and engineering,CCA,Real Options,DCF / rDCF,PTA,Rule of 40,"Early-stage innovation relies on Real Options for future potential and CCA for comparable ventures. DCF and PTA offer fundamental views, with Rule of 40 for growth efficiency.","VRTX,CRSP,NTLA","BLAU3,BIOM3,AALR3"
7220,Research and experimental development on social sciences and humanities,,,72,Scientific research and development,722,Research and experimental development on social sciences and humanities,7220,Research and experimental development on social sciences and humanities,CCA,Real Options,DCF / rDCF,PTA,Rule of 40,"Early-stage innovation relies on Real Options for future potential and CCA for comparable ventures. DCF and PTA offer fundamental views, with Rule of 40 for growth efficiency.","EVLV,PLTR,BBAI","LWSA3,TOTS3,POSI3"
7310,Advertising activities,,,73,"Activities of advertising, market research and public relations",731,Advertising activities,7310,Advertising activities,DCF / rDCF,CCA,PTA,DDM,Graham Number,"General business activities, standard valuation methods applied.","OMC,WPP,PUBGY","VULC3,VIVA3,ALPA3"
7320,Market research and public opinion polling activities,,,73,"Activities of advertising, market research and public relations",732,Market research and public opinion polling activities,7320,Market research and public opinion polling activities,DCF / rDCF,CCA,PTA,DDM,Graham Number,"General business activities, standard valuation methods applied.","NLSN,GART,IQV","IQVIA34,BRML3,ALSO3"
7330,Public relations activities,,,73,"Activities of advertising, market research and public relations",733,Public relations activities,7330,Public relations activities,DCF / rDCF,CCA,PTA,DDM,Graham Number,"General business activities, standard valuation methods applied.","OMC,WPP,PUBGY","CASH3,ENJU3,DOTZ3"
7410,Specialized design activities,,,74,"Other professional, scientific and technical activities",741,Specialized design activities,7410,Specialized design activities,DCF / rDCF,CCA,PTA,DDM,Graham Number,"General business activities, standard valuation methods applied.","ADSK,JLL,VRT","LPSB3,MELK3,MTRE3"
7420,Photographic activities,,,74,"Other professional, scientific and technical activities",742,Photographic activities,7420,Photographic activities,DCF / rDCF,CCA,PTA,DDM,Graham Number,"General business activities, standard valuation methods applied.","SSTK,GETY,KODK","RENT3,TOTS3,LWSA3"
7430,Translation and interpretation activities,,,74,"Other professional, scientific and technical activities",743,Translation and interpretation activities,7430,Translation and interpretation activities,DCF / rDCF,CCA,PTA,DDM,Graham Number,"General business activities, standard valuation methods applied.","COUR,CTLT,KLIC","STBP3,WIZC3,PSSA3"
7491,Patent brokering and marketing service activities,,,74,"Other professional, scientific and technical activities",749,"Other professional, scientific and technical activities n.e.c.",7491,Patent brokering and marketing service activities,DCF / rDCF,CCA,PTA,DDM,Graham Number,"General business activities, standard valuation methods applied.","MARA,RPX,XPER","CTGP3,VIVER3,PDGR3"
7499,"All other professional, scientific and technical activities n.e.c.",,,74,"Other professional, scientific and technical activities",749,"Other professional, scientific and technical activities n.e.c.",7499,"All other professional, scientific and technical activities n.e.c.",DCF / rDCF,CCA,PTA,DDM,Graham Number,"General business activities, standard valuation methods applied.","JLL,CBRE,CWK","CSAN3,LOGG3,TGMA3"
7500,Veterinary activities,,,75,Veterinary activities,750,Veterinary activities,7500,Veterinary activities,DCF / rDCF,CCA,PTA,DDM,Graham Number,"General business activities, standard valuation methods applied.","IDXX,ZTS,WOOF","AUAU3,RDOR3,HAPV3"
7710,Rental and leasing of motor vehicles,,,77,Rental and leasing activities,771,Rental and leasing of motor vehicles,7710,Rental and leasing of motor vehicles,DCF / rDCF,CCA,PTA,DDM,Graham Number,"General business activities, standard valuation methods applied.","CAR,HTZ,UHAL","RENT3,MOVI3,VAMO3"
7721,Rental and leasing of recreational and sports goods,,,77,Rental and leasing activities,772,Rental and leasing of personal and household goods,7721,Rental and leasing of recreational and sports goods,DCF / rDCF,CCA,PTA,DDM,Graham Number,"General business activities, standard valuation methods applied.","MAT,HAS,FUN","SMFT3,RENT3,MOVI3"
7729,Rental and leasing of other personal and household goods,,,77,Rental and leasing activities,772,Rental and leasing of personal and household goods,7729,Rental and leasing of other personal and household goods,DCF / rDCF,CCA,PTA,DDM,Graham Number,"Stable consumer businesses benefit from DCF for cash flow projection and CCA for market comparison. PTA and DDM offer additional perspectives, with Graham Number as a safety margin check.","URI,HRI,RENT","RENT3,MOVI3,VAMO3"
7730,"Rental and leasing of other machinery, equipment and tangible goods",,,77,Rental and leasing activities,773,"Rental and leasing of other machinery, equipment and tangible goods",7730,"Rental and leasing of other machinery, equipment and tangible goods",DCF / rDCF,CCA,PTA,DDM,Graham Number,"General business activities, standard valuation methods applied.","URI,HRI,PCG","ARML3,VAMO3,JSLG3"
7740,"Leasing of intellectual property and similar products, except copyrighted works",,,77,Rental and leasing activities,774,"Leasing of intellectual property and similar products, except copyrighted works",7740,"Leasing of intellectual property and similar products, except copyrighted works",DCF / rDCF,CCA,PTA,DDM,Graham Number,"General business activities, standard valuation methods applied.","MSFT,GOOGL,META","BBAS3,ITSA4,BRAP4"
7751,"Intermediation service activities for rental and leasing of cars, motorhomes and trailers",,,77,Rental and leasing activities,775,Intermediation service activities for rental and leasing of tangible goods and non-financial intangible assets,7751,"Intermediation service activities for rental and leasing of cars, motorhomes and trailers",DCF / rDCF,CCA,PTA,DDM,Graham Number,"General business activities, standard valuation methods applied.","CAR,HTZ,EXPE","RENT3,MOVI3,CVCB3"
7752,Intermediation service activities for rental and leasing of other tangible goods and non-financial intangible assets,,,77,Rental and leasing activities,775,Intermediation service activities for rental and leasing of tangible goods and non-financial intangible assets,7752,Intermediation service activities for rental and leasing of other tangible goods and non-financial intangible assets,DCF / rDCF,CCA,PTA,DDM,Graham Number,"General business activities, standard valuation methods applied.","URI,HRI,TEX","ARML3,MLAS3,DOTZ3"
7810,Activities of employment placement agencies,,,78,Employment activities,781,Activities of employment placement agencies,7810,Activities of employment placement agencies,DCF / rDCF,CCA,PTA,DDM,Graham Number,"General business activities, standard valuation methods applied.","KFY,MAN,RHI","VIVT3,RENT3,LREN3"
7820,Temporary employment agency activities and other human resource provisions,,,78,Employment activities,782,Temporary employment agency activities and other human resource provisions,7820,Temporary employment agency activities and other human resource provisions,DCF / rDCF,CCA,PTA,DDM,Graham Number,"General business activities, standard valuation methods applied.","RHI,KFRC,KFY","TOTS3,CASH3,LWSA3"
7911,Travel agency activities,,,79,"Travel agency, tour operator, and other travel related activities",791,Travel agency and tour operator activities,7911,Travel agency activities,DCF / rDCF,CCA,PTA,DDM,Graham Number,"General business activities, standard valuation methods applied.","EXPE,BKNG,TRIP","CVCB3,AZUL4,GOLL4"
7912,Tour operator activities,,,79,"Travel agency, tour operator, and other travel related activities",791,Travel agency and tour operator activities,7912,Tour operator activities,DCF / rDCF,CCA,PTA,DDM,Graham Number,"General business activities, standard valuation methods applied.","EXPE,BKNG,TRIP","AZUL4,GOLL4,CVCB3"
7990,Other travel related activities,,,79,"Travel agency, tour operator, and other travel related activities",799,Other travel related activities,7990,Other travel related activities,DCF / rDCF,CCA,PTA,DDM,Graham Number,"General business activities, standard valuation methods applied.","BKNG,EXPE,TRIP","CVCB3,AZUL4,RENT3"
8011,Investigation and private security activities,,,80,Investigation and security activities,801,Investigation and security activities,8011,Investigation and private security activities,DCF / rDCF,CCA,PTA,DDM,Graham Number,"General business activities, standard valuation methods applied.","BCO,GEO,CXW","SEQL3,TASY3,TKNO4"
8019,Security activities n.e.c.,,,80,Investigation and security activities,801,Investigation and security activities,8019,Security activities n.e.c.,DCF / rDCF,CCA,PTA,DDM,Graham Number,"General business activities, standard valuation methods applied.","BKI,GEO,CXW","GRPA3,SEQL3,VVRE3"
8110,Combined facilities support activities,,,81,Services to buildings and landscape activities,811,Combined facilities support activities,8110,Combined facilities support activities,DCF / rDCF,CCA,PTA,DDM,Graham Number,"General business activities, standard valuation methods applied.","ABM,CBRE,JLL","GGPS3,SBSP3,VIVT3"
8121,General cleaning of buildings,,,81,Services to buildings and landscape activities,812,Cleaning activities,8121,General cleaning of buildings,DCF / rDCF,CCA,PTA,DDM,Graham Number,"General business activities, standard valuation methods applied.","ABM,EFS,HCSG","ABCB4,BEES3,ITUB4"
8129,Other cleaning activities,,,81,Services to buildings and landscape activities,812,Cleaning activities,8129,Other cleaning activities,DCF / rDCF,CCA,PTA,DDM,Graham Number,"General business activities, standard valuation methods applied.","ABM,CBRE,JLL","BOMBR1,DIRR3,LAVV3"
8130,Landscape service activities,,,81,Services to buildings and landscape activities,813,Landscape service activities,8130,Landscape service activities,DCF / rDCF,CCA,PTA,DDM,Graham Number,"General business activities, standard valuation methods applied.","SITE,STAG,BOWL","RENT3,MOVI3,ALOS3"
8210,Office administrative and support activities,,,82,"Office administrative, office support and other business support activities",821,Office administrative and support activities,8210,Office administrative and support activities,DCF / rDCF,CCA,PTA,DDM,Graham Number,"General business activities, standard valuation methods applied.","ABM,PAYX,VRTU","TOTS3,LWSA3,INTB3"
8220,Activities of call centres,,,82,"Office administrative, office support and other business support activities",822,Activities of call centres,8220,Activities of call centres,DCF / rDCF,CCA,PTA,DDM,Graham Number,"General business activities, standard valuation methods applied.","TTEC,CNXC,SITM","TELP3,VIVT3,TIMS3"
8230,Organization of conventions and trade shows,,,82,"Office administrative, office support and other business support activities",823,Organization of conventions and trade shows,8230,Organization of conventions and trade shows,DCF / rDCF,CCA,PTA,DDM,Graham Number,"General business activities, standard valuation methods applied.","LYV,MSGS,FWONK","GLMT3,VIVA3,RENT3"
8240,"Intermediation service activities for business support activities n.e.c., except financial intermediation",,,82,"Office administrative, office support and other business support activities",824,"Intermediation service activities for business support activities n.e.c., except financial intermediation",8240,"Intermediation service activities for business support activities n.e.c., except financial intermediation",DCF / rDCF,CCA,PTA,DDM,Graham Number,"General business activities, standard valuation methods applied.","RHI,KFY,MAN","VIVA3,ALOS3,IGTI3"
8291,Activities of collection agencies and credit bureaus,,,82,"Office administrative, office support and other business support activities",829,Business support service activities n.e.c.,8291,Activities of collection agencies and credit bureaus,DCF / rDCF,CCA,PTA,DDM,Graham Number,"General business activities, standard valuation methods applied.","EFX,TRU,FICO","BOAS3,CSNA3,VAMO3"
8292,Packaging activities,,,82,"Office administrative, office support and other business support activities",829,Business support service activities n.e.c.,8292,Packaging activities,DCF / rDCF,CCA,PTA,DDM,Graham Number,"General business activities, standard valuation methods applied.","CCK,SEE,SON","KLBN11,SUZB3,RANI3"
8299,Other business support service activities n.e.c.,,,82,"Office administrative, office support and other business support activities",829,Business support service activities n.e.c.,8299,Other business support service activities n.e.c.,DCF / rDCF,CCA,PTA,DDM,Graham Number,"General business activities, standard valuation methods applied.","KBR,VSEC,ASGN","WIZC3,ALOS3,CSAB3"
8411,General public administration activities,,,84,Public administration and defence; compulsory social security,841,"Administration of the State and the economic, social and environmental policies of the community",8411,General public administration activities,DCF / rDCF,CCA,PTA,DDM,Graham Number,"General business activities, standard valuation methods applied.","BAH,LDOS,SAIC","ITSA4,BBAS3,SBSP3"
8412,"Regulation of the activities of providing health care, education, cultural services and other social services, excluding social security and environment",,,84,Public administration and defence; compulsory social security,841,"Administration of the State and the economic, social and environmental policies of the community",8412,"Regulation of the activities of providing health care, education, cultural services and other social services, excluding social security and environment",DCF / rDCF,CCA,PTA,DDM,Graham Number,"General business activities, standard valuation methods applied.","UNH,CVS,ELV","ARKO3,GPIV33,GOLL4"
8413,Regulation of the activities of providing environmental services,,,84,Public administration and defence; compulsory social security,841,"Administration of the State and the economic, social and environmental policies of the community",8413,Regulation of the activities of providing environmental services,DCF / rDCF,CCA,PTA,DDM,Graham Number,"General business activities, standard valuation methods applied.","ACM,MEG,TTEK","AMBP3,CSAN3,SIMH3"
8414,Regulation of and contribution to more efficient operation of businesses,,,84,Public administration and defence; compulsory social security,841,"Administration of the State and the economic, social and environmental policies of the community",8414,Regulation of and contribution to more efficient operation of businesses,DCF / rDCF,CCA,PTA,DDM,Graham Number,"General business activities, standard valuation methods applied.","ACM,TETRA,BAH","ITSA4,BBAS3,SBSP3"
8421,Foreign affairs,,,84,Public administration and defence; compulsory social security,842,Provision of services to the community as a whole,8421,Foreign affairs,DCF / rDCF,CCA,PTA,DDM,Graham Number,"General business activities, standard valuation methods applied.","VEC,LDOS,SAIC","ITSA4,BBAS3,SBSP3"
8422,Defence activities,,,84,Public administration and defence; compulsory social security,842,Provision of services to the community as a whole,8422,Defence activities,DCF / rDCF,CCA,PTA,DDM,Graham Number,"General business activities, standard valuation methods applied.","LMT,GD,NOC","TASA4,EMBR3,WEGE3"
8423,Public order and safety activities,,,84,Public administration and defence; compulsory social security,842,Provision of services to the community as a whole,8423,Public order and safety activities,DCF / rDCF,CCA,PTA,DDM,Graham Number,"General business activities, standard valuation methods applied.","AXON,MSFT,IBM","PRQT3,SEQL3,TOTS3"
8430,Compulsory social security activities,,,84,Public administration and defence; compulsory social security,843,Compulsory social security activities,8430,Compulsory social security activities,DCF / rDCF,CCA,PTA,DDM,Graham Number,"General business activities, standard valuation methods applied.","MET,PRU,AFL","BBAS3,SANB3,ITUB3"
8510,Pre-primary education,,,85,Education,851,Pre-primary education,8510,Pre-primary education,DCF / rDCF,CCA,PTA,DDM,Graham Number,"General business activities, standard valuation methods applied.","BFAM,LRN,CHGG","COGN3,YDUQ3,CSED3"
8520,Primary education,,,85,Education,852,Primary education,8520,Primary education,DCF / rDCF,CCA,PTA,DDM,Graham Number,"General business activities, standard valuation methods applied.","LINC,LRN,UTI","ANIM3,YDUQ3,COGN3"
8531,General secondary education,,,85,Education,853,Secondary and post-secondary non-tertiary education,8531,General secondary education,DCF / rDCF,CCA,PTA,DDM,Graham Number,"General business activities, standard valuation methods applied.","LRN,PRDO,STRA","COGN3,YDUQ3,ANIM3"
8532,Vocational secondary education,,,85,Education,853,Secondary and post-secondary non-tertiary education,8532,Vocational secondary education,DCF / rDCF,CCA,PTA,DDM,Graham Number,"General business activities, standard valuation methods applied.","CHGG,STRA,PRDO","YDUQ3,COGN3,ANIM3"
8533,Post-secondary non-tertiary education,,,85,Education,853,Secondary and post-secondary non-tertiary education,8533,Post-secondary non-tertiary education,DCF / rDCF,CCA,PTA,DDM,Graham Number,"General business activities, standard valuation methods applied.","LOPE,STRA,PRDO","YDUQ3,ANIM3,COGN3"
8540,Tertiary education,,,85,Education,854,Tertiary education,8540,Tertiary education,DCF / rDCF,CCA,PTA,DDM,Graham Number,"General business activities, standard valuation methods applied.","STRA,CHGG,COUR","YDUQ3,ANIM3,CSED3"
8551,Sports and recreation education,,,85,Education,855,Other education,8551,Sports and recreation education,DCF / rDCF,CCA,PTA,DDM,Graham Number,"General business activities, standard valuation methods applied.","WW,PIH,GOLF","COGN3,YDUQ3,ANIM3"
8552,Cultural education,,,85,Education,855,Other education,8552,Cultural education,DCF / rDCF,CCA,PTA,DDM,Graham Number,"General business activities, standard valuation methods applied.","CHGG,LRN,COUR","COGN3,YDUQ3,ANIM3"
8553,Driving school activities,,,85,Education,855,Other education,8553,Driving school activities,DCF / rDCF,CCA,PTA,DDM,Graham Number,"General business activities, standard valuation methods applied.","LINC,LRN,LAUR","COGN3,YDUQ3,SEER3"
8559,Other education n.e.c.,,,85,Education,855,Other education,8559,Other education n.e.c.,DCF / rDCF,CCA,PTA,DDM,Graham Number,"General business activities, standard valuation methods applied.","CHGG,COUR,NRDY","YDUQ3,ANIM3,COGN3"
8561,Intermediation service activities for courses and tutors,,,85,Education,856,Educational support activities,8561,Intermediation service activities for courses and tutors,DCF / rDCF,CCA,PTA,DDM,Graham Number,"General business activities, standard valuation methods applied.","CHGG,COUR,UDMY","COGN3,YDUQ3,SEER3"
8569,Other educational support activities,,,85,Education,856,Educational support activities,8569,Other educational support activities,DCF / rDCF,CCA,PTA,DDM,Graham Number,"General business activities, standard valuation methods applied.","CHGG,LRN,COUR","YDUQ3,ANIM3,COGN3"
8610,Hospital activities,,,86,Human health activities,861,Hospital activities,8610,Hospital activities,DCF / rDCF,CCA,PTA,DDM,Graham Number,"General business activities, standard valuation methods applied.","HCA,THC,UHS","RDOR3,HAPV3,MATD3"
8620,Medical and dental practice activities,,,86,Human health activities,862,Medical and dental practice activities,8620,Medical and dental practice activities,DCF / rDCF,CCA,PTA,DDM,Graham Number,"General business activities, standard valuation methods applied.","HCA,THC,UHS","FLRY3,PARD3,HAPV3"
8691,"Intermediation service activities for medical, dental, and other human health services",,,86,Human health activities,869,Other human health activities,8691,"Intermediation service activities for medical, dental, and other human health services",DCF / rDCF,CCA,PTA,DDM,Graham Number,"General business activities, standard valuation methods applied.","AMN,DOC,HQY","HAPV3,QUAL3,RDOR3"
8699,Other human health activities n.e.c,,,86,Human health activities,869,Other human health activities,8699,Other human health activities n.e.c,DCF / rDCF,CCA,PTA,DDM,Graham Number,"General business activities, standard valuation methods applied.","UNH,ELV,HCA","FLRY3,PARD3,HAPV3"
8710,Residential nursing care activities,,,87,Residential care activities,871,Residential nursing care activities,8710,Residential nursing care activities,DCF / rDCF,CCA,PTA,DDM,Graham Number,"General business activities, standard valuation methods applied.","ENSG,THC,BHC","HAPV3,RDOR3,ODPV3"
8720,Residential care activities for persons living with or having a diagnosis of a mental illness or substance abuse,,,87,Residential care activities,872,Residential care activities for persons living with or having a diagnosis of a mental illness or substance abuse,8720,Residential care activities for persons living with or having a diagnosis of a mental illness or substance abuse,DCF / rDCF,CCA,PTA,DDM,Graham Number,"General business activities, standard valuation methods applied.","OPCH,ACHC,MODV","HAPV3,AALR3,ONCO3"
8730,Residential care activities for older persons or persons with physical disabilities,,,87,Residential care activities,873,Residential care activities for older persons or persons with physical disabilities,8730,Residential care activities for older persons or persons with physical disabilities,DCF / rDCF,CCA,PTA,DDM,Graham Number,"General business activities, standard valuation methods applied.","BKD,ENSG,FVE","QUAL3,PARD3,HAPV3"
8791,Intermediation service activities for residential care activities,,,87,Residential care activities,879,Other residential care activities,8791,Intermediation service activities for residential care activities,DCF / rDCF,CCA,PTA,DDM,Graham Number,"General business activities, standard valuation methods applied.","BKD,ENSG,WELL","HAPV3,FLRY3,ODPV3"
8799,Other residential care activities n.e.c.,,,87,Residential care activities,879,Other residential care activities,8799,Other residential care activities n.e.c.,DCF / rDCF,CCA,PTA,DDM,Graham Number,"General business activities, standard valuation methods applied.","MODN,ENSG,ADUS","FLRY3,HAPV3,RDOR3"
8810,Social work activities without accommodation for older persons or persons with disabilities,,,88,Social work activities without accommodation,881,Social work activities without accommodation for older persons or persons with disabilities,8810,Social work activities without accommodation for older persons or persons with disabilities,DCF / rDCF,CCA,PTA,DDM,Graham Number,"General business activities, standard valuation methods applied.","ADUS,AMED,ENSG","QUAL3,PARD3,ONCO3"
8890,Other social work activities without accommodation,,,88,Social work activities without accommodation,889,Other social work activities without accommodation,8890,Other social work activities without accommodation,DCF / rDCF,CCA,PTA,DDM,Graham Number,"General business activities, standard valuation methods applied.","MODV,CACC,SCI","YDUQ3,COGN3,QUAL3"
9011,Literary creation and musical composition activities,,,90,Arts creation and performing arts activities,901,Arts creation activities,9011,Literary creation and musical composition activities,DCF / rDCF,CCA,PTA,DDM,Graham Number,"General business activities, standard valuation methods applied.","WMG,LYV,LGF.A","VIVT3,TIMS3,LWSA3"
9012,Visual arts creation activities,,,90,Arts creation and performing arts activities,901,Arts creation activities,9012,Visual arts creation activities,DCF / rDCF,CCA,PTA,DDM,Graham Number,"General business activities, standard valuation methods applied.","WMG,LYV,LGF.A","AMER3,CVCB3,ANIM3"
9013,Other arts creation activities,,,90,Arts creation and performing arts activities,901,Arts creation activities,9013,Other arts creation activities,DCF / rDCF,CCA,PTA,DDM,Graham Number,"General business activities, standard valuation methods applied.","NYT,GCI,NWSA","CVCB3,YDUQ3,COGN3"
9020,Activities of performing arts,,,90,Arts creation and performing arts activities,902,Activities of performing arts,9020,Activities of performing arts,DCF / rDCF,CCA,PTA,DDM,Graham Number,"General business activities, standard valuation methods applied.","LYV,MSGS,SPNE","SHOW3,CVCB3,AZUL4"
9031,Operation of arts facilities and sites,,,90,Arts creation and performing arts activities,903,Support activities to arts creation and performing arts,9031,Operation of arts facilities and sites,DCF / rDCF,CCA,PTA,DDM,Graham Number,"General business activities, standard valuation methods applied.","LYV,MSG,MSGE","RENT3,MOVI3,ALOS3"
9039,Other support activities to arts creation and performing arts,,,90,Arts creation and performing arts activities,903,Support activities to arts creation and performing arts,9039,Other support activities to arts creation and performing arts,DCF / rDCF,CCA,PTA,DDM,Graham Number,"General business activities, standard valuation methods applied.","LYV,MSGS,MSGE","TEND3,PLPL3,CURY3"
9111,Library activities,,,91,"Library, archives, museum and other cultural activities",911,Library and archive activities,9111,Library activities,DCF / rDCF,CCA,PTA,DDM,Graham Number,"General business activities, standard valuation methods applied.","CLVT,EBSCO,GOOGL","B3SA3,SBSP3,ELET3"
9112,Archive activities,,,91,"Library, archives, museum and other cultural activities",911,Library and archive activities,9112,Archive activities,DCF / rDCF,CCA,PTA,DDM,Graham Number,"General business activities, standard valuation methods applied.","IRM,AACI,ARCB","B3SA3,ABEV3,VALE3"
9121,Museum and collection activities,,,91,"Library, archives, museum and other cultural activities",912,"Museum, collection, historical site and monument activities",9121,Museum and collection activities,DCF / rDCF,CCA,PTA,DDM,Graham Number,"General business activities, standard valuation methods applied.","SOT,GE,CURI","MULT3,ALOS3,IGTI3"
9122,Historical site and monument activities,,,91,"Library, archives, museum and other cultural activities",912,"Museum, collection, historical site and monument activities",9122,Historical site and monument activities,DCF / rDCF,CCA,PTA,DDM,Graham Number,"General business activities, standard valuation methods applied.","ESRT,DIS,CHDN","AHEB3,AHEB5,AHEB6"
9130,"Conservation, restoration and other support activities for cultural heritage",,,91,"Library, archives, museum and other cultural activities",913,"Conservation, restoration and other support activities for cultural heritage",9130,"Conservation, restoration and other support activities for cultural heritage",DCF / rDCF,CCA,PTA,DDM,Graham Number,"General business activities, standard valuation methods applied.","SRCL,LYV,EPIX","B3SA3,SANB11,ITUB4"
9141,Botanical and zoological garden activities,,,91,"Library, archives, museum and other cultural activities",914,Botanical and zoological garden and nature reserve activities,9141,Botanical and zoological garden activities,DCF / rDCF,CCA,PTA,DDM,Graham Number,"General business activities, standard valuation methods applied.","SEAS,CENTA,EDBL","CVCB3,SMFT3,YDUQ3"
9142,Nature reserve activities,,,91,"Library, archives, museum and other cultural activities",914,Botanical and zoological garden and nature reserve activities,9142,Nature reserve activities,DCF / rDCF,CCA,PTA,DDM,Graham Number,"General business activities, standard valuation methods applied.","WY,SEAS,FUN","SMFT3,HYPE3,RADL3"
9200,Gambling and betting activities,,,92,Gambling and betting activities,920,Gambling and betting activities,9200,Gambling and betting activities,DCF / rDCF,CCA,PTA,DDM,Graham Number,"General business activities, standard valuation methods applied.","DKNG,CZR,PENN","IGTI3,AMBP3,STBP3"
9311,Operation of sports facilities,,,93,Sports activities and amusement and recreation activities,931,Sports activities,9311,Operation of sports facilities,DCF / rDCF,CCA,PTA,DDM,Graham Number,"General business activities, standard valuation methods applied.","MSGS,LUV,SIX","SBFG3,TFCO3,VIVA3"
9312,Activities of sports clubs,,,93,Sports activities and amusement and recreation activities,931,Sports activities,9312,Activities of sports clubs,DCF / rDCF,CCA,PTA,DDM,Graham Number,"General business activities, standard valuation methods applied.","MSGS,MANU,BATRA","BPAC11,BTOW3,VIVA3"
9319,Other sports activities,,,93,Sports activities and amusement and recreation activities,931,Sports activities,9319,Other sports activities,DCF / rDCF,CCA,PTA,DDM,Graham Number,"General business activities, standard valuation methods applied.","WWE,MSGS,LFG","NTCO3,ALPA4,SMFT3"
9321,Activities of amusement parks and theme parks,,,93,Sports activities and amusement and recreation activities,932,Amusement and recreation activities,9321,Activities of amusement parks and theme parks,DCF / rDCF,CCA,PTA,DDM,Graham Number,"General business activities, standard valuation methods applied.","SIX,FUN,SEAS","HYPE3,VIVA3,CVCB3"
9329,Other amusement and recreation activities,,,93,Sports activities and amusement and recreation activities,932,Amusement and recreation activities,9329,Other amusement and recreation activities,DCF / rDCF,CCA,PTA,DDM,Graham Number,"General business activities, standard valuation methods applied.","FUN,SIX,SEAS","SHOW3,AHEB3,ANIM3"
9411,Activities of business and employers membership organizations,,,94,Activities of membership organizations,941,"Activities of business, employers and professional membership organizations",9411,Activities of business and employers membership organizations,DCF / rDCF,CCA,PTA,DDM,Graham Number,"General business activities, standard valuation methods applied.","VIST,CRM,SAP","ITUB4,BBDC4,BBAS3"
9412,Activities of professional membership organizations,,,94,Activities of membership organizations,941,"Activities of business, employers and professional membership organizations",9412,Activities of professional membership organizations,DCF / rDCF,CCA,PTA,DDM,Graham Number,"General business activities, standard valuation methods applied.","ASAE,VSEC,ASGN","SMFT3,NTCO3,LREN3"
9420,Activities of trade unions,,,94,Activities of membership organizations,942,Activities of trade unions,9420,Activities of trade unions,DCF / rDCF,CCA,PTA,DDM,Graham Number,"General business activities, standard valuation methods applied.","ADM,BG,CTVA","SMFT3,NTCO3,LREN3"
9491,Activities of religious organizations,,,94,Activities of membership organizations,949,Activities of other membership organizations,9491,Activities of religious organizations,DCF / rDCF,CCA,PTA,DDM,Graham Number,"General business activities, standard valuation methods applied.","PRAY,TSN,SOCI","SMFT3,NTCO3,LREN3"
9492,Activities of political organizations,,,94,Activities of membership organizations,949,Activities of other membership organizations,9492,Activities of political organizations,DCF / rDCF,CCA,PTA,DDM,Graham Number,"General business activities, standard valuation methods applied.","NYT,DJT,FOXA","SMFT3,NTCO3,LREN3"
9499,Activities of other membership organizations n.e.c.,,,94,Activities of membership organizations,949,Activities of other membership organizations,9499,Activities of other membership organizations n.e.c.,DCF / rDCF,CCA,PTA,DDM,Graham Number,"General business activities, standard valuation methods applied.","BF,WW,ASGN","SMFT3,NTCO3,LREN3"
9510,Repair and maintenance of computers and communication equipment,,,95,"Repair and maintenance of computers, personal and household goods, and motor vehicles and motorcycles",951,Repair and maintenance of computers and communication equipment,9510,Repair and maintenance of computers and communication equipment,DCF / rDCF,CCA,PTA,DDM,Graham Number,"General business activities, standard valuation methods applied.","HPQ,DELL,AAPL","IGTI3,MULT3,ALOS3"
9521,Repair and maintenance of consumer electronics,,,95,"Repair and maintenance of computers, personal and household goods, and motor vehicles and motorcycles",952,Repair and maintenance of personal and household goods,9521,Repair and maintenance of consumer electronics,DCF / rDCF,CCA,PTA,DDM,Graham Number,"General business activities, standard valuation methods applied.","BBY,WHI,GE","WHRL3,POSI3,ALLD3"
9522,Repair and maintenance of household appliances and home and garden equipment,,,95,"Repair and maintenance of computers, personal and household goods, and motor vehicles and motorcycles",952,Repair and maintenance of personal and household goods,9522,Repair and maintenance of household appliances and home and garden equipment,DCF / rDCF,CCA,PTA,DDM,Graham Number,"General business activities, standard valuation methods applied.","WHR,NWL,HBB","WHRL3,POSI3,ALLD3"
9523,Repair and maintenance of footwear and leather goods,,,95,"Repair and maintenance of computers, personal and household goods, and motor vehicles and motorcycles",952,Repair and maintenance of personal and household goods,9523,Repair and maintenance of footwear and leather goods,DCF / rDCF,CCA,PTA,DDM,Graham Number,"General business activities, standard valuation methods applied.","WWW,DECK,SKX","LREN3,ARZZ3,CEAB3"
9524,Repair and maintenance of furniture and home furnishings,,,95,"Repair and maintenance of computers, personal and household goods, and motor vehicles and motorcycles",952,Repair and maintenance of personal and household goods,9524,Repair and maintenance of furniture and home furnishings,DCF / rDCF,CCA,PTA,DDM,Graham Number,"General business activities, standard valuation methods applied.","LZB,MLKN,HNI","AMER3,MGLU3,BHIA3"
9529,Repair and maintenance of other personal and household goods,,,95,"Repair and maintenance of computers, personal and household goods, and motor vehicles and motorcycles",952,Repair and maintenance of personal and household goods,9529,Repair and maintenance of other personal and household goods,DCF / rDCF,CCA,PTA,DDM,Graham Number,"Stable consumer businesses benefit from DCF for cash flow projection and CCA for market comparison. PTA and DDM offer additional perspectives, with Graham Number as a safety margin check.","BBY,WHR,HD","PETZ3,LJQQ3,SBFG3"
9531,Repair and maintenance of motor vehicles,,,95,"Repair and maintenance of computers, personal and household goods, and motor vehicles and motorcycles",953,Repair and maintenance of motor vehicles and motorcycles,9531,Repair and maintenance of motor vehicles,DCF / rDCF,CCA,PTA,DDM,Graham Number,"General business activities, standard valuation methods applied.","AZO,ORLY,AAP","VAMO3,MYPK3,RENT3"
9532,Repair and maintenance of motorcycles,,,95,"Repair and maintenance of computers, personal and household goods, and motor vehicles and motorcycles",953,Repair and maintenance of motor vehicles and motorcycles,9532,Repair and maintenance of motorcycles,DCF / rDCF,CCA,PTA,DDM,Graham Number,"General business activities, standard valuation methods applied.","HOG,CVNA,KMX","POMO4,MYPK3,RAPT4"
9540,"Intermediation service activities for repair and maintenance of computers, personal and household goods, and motor vehicles and motorcycles",,,95,"Repair and maintenance of computers, personal and household goods, and motor vehicles and motorcycles",954,"Intermediation service activities for repair and maintenance of computers, personal and household goods, and motor vehicles and motorcycles",9540,"Intermediation service activities for repair and maintenance of computers, personal and household goods, and motor vehicles and motorcycles",DCF / rDCF,CCA,PTA,DDM,Graham Number,"Stable consumer businesses benefit from DCF for cash flow projection and CCA for market comparison. PTA and DDM offer additional perspectives, with Graham Number as a safety margin check.","AZO,ORLY,GPC","TUPY3,ROMI3,FRAS3"
9610,Washing and cleaning of textile and fur products,,,96,Personal service activities,961,Washing and cleaning of textile and fur products,9610,Washing and cleaning of textile and fur products,DCF / rDCF,CCA,PTA,DDM,Graham Number,"General business activities, standard valuation methods applied.","BF,CTAS,UNF","ELIS3,LAVV3,QUAL3"
9621,Hairdressing and barber activities,,,96,Personal service activities,962,"Hairdressing, beauty treatment, day spa and similar activities",9621,Hairdressing and barber activities,DCF / rDCF,CCA,PTA,DDM,Graham Number,"General business activities, standard valuation methods applied.","REG,RGS,ELF","ESPA3,LREN3,NTCO3"
9622,Beauty care and other beauty treatment activities,,,96,Personal service activities,962,"Hairdressing, beauty treatment, day spa and similar activities",9622,Beauty care and other beauty treatment activities,DCF / rDCF,CCA,PTA,DDM,Graham Number,"General business activities, standard valuation methods applied.","ULTA,EL,COTY","ESPA3,LREN3,NTCO3"
9623,"Day spa, sauna and steam bath activities",,,96,Personal service activities,962,"Hairdressing, beauty treatment, day spa and similar activities",9623,"Day spa, sauna and steam bath activities",DCF / rDCF,CCA,PTA,DDM,Graham Number,"General business activities, standard valuation methods applied.","BFAM,EL,REGN","ESPA3,LREN3,NTCO3"
9630,Funeral and related activities,,,96,Personal service activities,963,Funeral and related activities,9630,Funeral and related activities,DCF / rDCF,CCA,PTA,DDM,Graham Number,"General business activities, standard valuation methods applied.","SCI,CSV,MATW","LUPA3,FLRY3,HAPV3"
9640,Intermediation service activities for personal services,,,96,Personal service activities,964,Intermediation service activities for personal services,9640,Intermediation service activities for personal services,DCF / rDCF,CCA,PTA,DDM,Graham Number,"General business activities, standard valuation methods applied.","HRB,SCI,BFAM","CVCB3,LWSA3,AMBP3"
9690,Other personal service activities n.e.c.,,,96,Personal service activities,969,Other personal service activities n.e.c.,9690,Other personal service activities n.e.c.,DCF / rDCF,CCA,PTA,DDM,Graham Number,"General business activities, standard valuation methods applied.","SCI,CSV,HI","LWSA3,SMFT3,ESPA3"
9700,Activities of households as employers of domestic personnel,,,97,Activities of households as employers of domestic personnel,970,Activities of households as employers of domestic personnel,9700,Activities of households as employers of domestic personnel,DCF / rDCF,CCA,PTA,DDM,Graham Number,"General business activities, standard valuation methods applied.","AMN,RGP,ASGN","LREN3,ARZZ3,ALPA4"
9810,Undifferentiated goods-producing activities of private households for own use,,,98,Undifferentiated goods- and services-producing activities of private households for own use,981,Undifferentiated goods-producing activities of private households for own use,9810,Undifferentiated goods-producing activities of private households for own use,DCF / rDCF,CCA,PTA,DDM,Graham Number,"General business activities, standard valuation methods applied.","WMT,TGT,COST","WHRL3,UCAS3,HETA4"
9820,Undifferentiated service-producing activities of private households for own use,,,98,Undifferentiated goods- and services-producing activities of private households for own use,982,Undifferentiated service-producing activities of private households for own use,9820,Undifferentiated service-producing activities of private households for own use,DCF / rDCF,CCA,PTA,DDM,Graham Number,"General business activities, standard valuation methods applied.","AMN,BFH,ASGN","SMFT3,NTCO3,LREN3"
9900,Activities of extraterritorial organizations and bodies,,,99,Activities of extraterritorial organizations and bodies,990,Activities of extraterritorial organizations and bodies,9900,Activities of extraterritorial organizations and bodies,DCF / rDCF,CCA,PTA,DDM,Graham Number,"General business activities, standard valuation methods applied.","ADM,BG,CTVA","SMFT3,NTCO3,LREN3"
